:020000040800F2
:10000000601C0120C101000891280008892800080F
:100010008D280008A107000899450008000000008D
:10002000000000000000000000000000F93B000894
:10003000F52600080000000021290008C93D00083D
:10004000DB010008DB010008DB010008DB01000820
:10005000DB010008DB010008DB010008DB01000810
:10006000DB010008DB010008DB010008DB01000800
:10007000DB010008DB010008DB010008DB010008F0
:10008000DB010008DB010008DB010008DB010008E0
:10009000DB010008DB010008DB010008DB010008D0
:1000A000DB010008DB010008DB010008DB010008C0
:1000B000AD400008CD400008DB010008DB0100086E
:1000C000DB010008DB010008DB010008DB010008A0
:1000D000DB010008E1430008DB010008DB01000848
:1000E000DB010008DB010008DB010008DB01000880
:1000F000DB010008DB010008DB010008DB01000870
:10010000DB010008DB01000861410008DB01000899
:10011000DB010008DB010008DB010008F1410008F9
:10012000DB010008DB010008DB010008DB0100083F
:10013000DB010008DB010008DB010008DB0100082F
:10014000DB010008DB010008DB010008DB0100081F
:10015000DB0100081526000885260008BD440008BC
:10016000DB010008DB010008DB010008DB010008FF
:10017000DB010008DB010008DB01000800000000D3
:10018000DB010008DB010008DB010008DB010008DF
:10019000DB010008DB010008DB01000800000000B3
:1001A000DB010008DB010008DB010008DFF80CD0F0
:1001B00000F056FA00480047519C0008601C0120DE
:1001C0000648804706480047FEE7FEE7FEE7FEE7F1
:1001D000FEE7FEE7FEE7FEE7FEE7FEE7ED3E00088E
:1001E000AD01000810B5431A934209D2831888184C
:1001F00003E010F8011D03F8011D521EF9D210BDD5
:1002000040EA01039B0703D009E008C9121F08C098
:10021000042AFAD203E011F8013B00F8013B521E18
:10022000F9D210BDD2B201E000F8012B491EFBD279
:1002300070470022F6E710B513460A4604461946F1
:10024000FFF7F0FF204610BD30B5044600200346FE
:1002500000E05B1C934203D2E05CCD5C401BF8D015
:1002600030BD30B50B46014600202022012409E0B4
:1002700021FA02F59D4205D303FA02F5491B04FA5F
:1002800002F52844151EA2F10102F1DC30BD2DE972
:10029000F05F0546002092469B468846064681460A
:1002A00040241BE0284641464746224600F0F9F923
:1002B00053465A46C01A914110D311461846224659
:1002C00000F0E0F92D1A67EB01084F4622460120A5
:1002D000002100F0D7F917EB00094E41201EA4F1D0
:1002E0000104DFDC484631462A464346BDE8F09F1C
:1002F0002DE9FE4F804681EA0300C00F0C460090B6
:1003000021F0004123F00045B8EB0200A94105D2DD
:100310004046214690461C460B46024623F00040CC
:10032000104347D0270DC7F30A00C3F30A510290C8
:10033000401A019040286BDAC3F3130040F4801B8D
:100340000098924620B10023D2EB030A63EB0B0B1B
:1003500001985946C0F14002504600F093F9064614
:100360000D4650465946019A00F0ABF910EB0800D3
:100370006141002487EA115284EAE7731A4340D0AE
:10038000009A62B3019A012A4FEA075215DC001B5A
:1003900061EB02014FF0004202EA0752CDE9004250
:1003A000001C41F5801132462B4600F0ABF903B03A
:1003B000BDE8F08F40462146F9E7001B61EB0201E2
:1003C000001C41F5801300185B412018A2F50017AE
:1003D00047EB030140EAD570B6196D4111E06D0895
:1003E0004FEA360645EAC0754FEA0752001B61EB3B
:1003F0000201001C41F5801149084FEA3000001944
:10040000514132462B4603B0BDE8F04F00F06BB9C6
:100410000098012240000023D0EB020263EBE0735E
:10042000009821464FEAE074B8EB000061EB04014C
:10043000E9E783F000435BE781F0004158E72DE9ED
:10044000FE4F81EA030404F0004421F000410094CF
:100450004FF0000B23F0004350EA01045ED052EA53
:1004600003045BD0C3F30A54C1F30A552C44A4F22D
:10047000F3340194A0FB0254C1F3130141F4801141
:10048000C3F3130343F4801301FB024400FB034E48
:10049000840A970A44EA815447EA8357A4FB076811
:1004A00002958D0A05FB07854FEA932C04FB0C543B
:1004B0002705029D4FEA065847EA1637B5EB0805AF
:1004C0006EEB070C870E920E47EA811742EA831201
:1004D000A7FB0201B6EB0B0164EB00042B0D43EA12
:1004E0000C335E1844EB1C50DA465146E7FB020120
:1004F000C5F313044FEA0B3343EA14534FEA0432B3
:10050000019C43EA0603A4F10C040294009CCDE98B
:1005100000B400F0F7F803B0BDE8F08F002001460A
:10052000F9E72DE9F04D81EA030404F0004B21F0D6
:10053000004514464FF0000A23F0004150EA05023E
:1005400020D054EA01021DD0C5F30A570246C5F374
:100550001303C1F31300C1F30A5640F4801543F4AA
:100560008013A7EB0608101BD64608F2FD3873EB84
:10057000050002D308F1010801E092185B41B8F1CF
:10058000000F03DA00200146BDE8F08D00204FF493
:100590008011064684460EE0171B73EB050705D352
:1005A000121B63EB050306434CEA010C49084FEAB2
:1005B000300092185B4150EA0107EDD152EA030086
:1005C00012D082EA040083EA0501084305D0101B1B
:1005D000AB4106D20122002306E000224FF0004387
:1005E00002E06FF0010253101AEB06004CEB0851C9
:1005F00010EB0A0041EB0B01BDE8F04D00F073B8C1
:10060000C1F30A52C1F3130140F2FF3341F48011E8
:100610009A4202DA00200146704740F233439A4280
:10062000A2F2334202DC524200F03BB800F02AB89A
:1006300030B5041E71F1000404DB4FF00044404269
:1006400064EB0101141E73F1000405DB1C464FF03E
:100650000043524263EB0403994208BF904230BD0D
:10066000064C074D06E0E06840F0010394E80700FF
:1006700098471034AC42F6D3FFF79CFDB838010818
:10068000D8380108202A04DB203A00FA02F10020C1
:1006900070479140C2F1200320FA03F319439040C0
:1006A0007047202A04DB203A21FA02F0002170472B
:1006B00021FA02F3D040C2F12002914008431946CA
:1006C0007047202A06DBCB17203A41FA02F043EAB2
:1006D000E07306E041FA02F3D040C2F120029140FB
:1006E00008431946704710B5141E73F1000408DA68
:1006F000401C41F1000192185B411A4301D120F0E6
:10070000010010BD2DE9F04D92469B4611B1B1FAA2
:1007100081F202E0B0FA80F220329046FFF7B2FF99
:1007200004460F4640EA0A0041EA0B0153465A4686
:10073000084313D0114653EA010019D0C8F1400212
:100740005046FFF7AEFF05460E4650465946424614
:10075000FFF798FF084305D0012004E02046394602
:10076000BDE8F08D0020054346EAE0762C43374390
:100770000A986305E40AA0EB08000022FD0A44EA97
:1007800047540A3002D500200146E9E70105101957
:100790006941DDE9084500196941BDE8F04DA2E76E
:1007A000FFE7FEE784B003908DF80B10039810B9B3
:1007B000FFE700F0DBBE40F20800C2F20000007864
:1007C0000138014600910B2800F2CF860099DFE83E
:1007D00011F00C00AF005401FD01B00262031404DB
:1007E00098041C05A005040668069DF80B00202847
:1007F00040F09C80FFE744F21D10C2F20000007838
:10080000002849D0FFE744F21C10C2F20000007833
:10081000072810DCFFE744F21C10C2F20000017848
:10082000012000FA01F240F22001C2F20001087832
:100830001043087011E044F21C10C2F2000000786E
:10084000A0F10801012000FA01F240F22001C2F2F9
:100850000001487810434870FFE70398017840781A
:1008600040EA012044F21C12C2F20002137840F266
:100870002001C2F20001453103EB430321F82300BC
:1008800003988378C07840EA0320127802EB420292
:1008900001EB8201488048E044F21C10C2F20000E3
:1008A0000078072810DCFFE744F21C10C2F20000B9
:1008B0000178012000FA01F242F22001C2F20001A7
:1008C00008781043087011E044F21C10C2F20000D6
:1008D0000078A0F10801012000FA01F242F22001A3
:1008E000C2F20001487810434870FFE7039801788E
:1008F000407840EA012044F21C12C2F20002137850
:1009000042F22001C2F20001453103EB430321F81A
:10091000230003988378C07840EA0320127802EB22
:10092000420201EB82014880FFE7FFE700F01EBEB4
:100930009DF80B00202840F09E80FFE744F21D1038
:10094000C2F20000007800284AD0FFE744F21C10F1
:10095000C2F200000078032811DCFFE744F21C100B
:10096000C2F200000078011D012000FA01F240F2FD
:100970002001C2F2000148781043487010E044F2B0
:100980001C10C2F200000078011F012000FA01F2E1
:1009900040F22001C2F20001887810438870FFE71E
:1009A00003980178407840EA012044F21C12C2F218
:1009B0000002137840F22001C2F20001453103EB3E
:1009C000430301EB8303988003988378C07840EA5F
:1009D0000320127802EB420201EB8201C88049E059
:1009E00044F21C10C2F200000078032811DCFFE77B
:1009F00044F21C10C2F200000078011D012000FA30
:100A000001F242F22001C2F200014878104348701E
:100A100010E044F21C10C2F200000078011F012017
:100A200000FA01F242F22001C2F20001887810437C
:100A30008870FFE703980178407840EA012044F28B
:100A40001C12C2F20002137842F22001C2F200012D
:100A5000453103EB430301EB8303988003988378CC
:100A6000C07840EA0320127802EB420201EB8201D7
:100A7000C880FFE7FFE700F079BD9DF80B00202854
:100A800040F0A280FFE744F21D10C2F2000000789F
:100A900000284AD0FFE744F21C10C2F200000078A0
:100AA000072810DCFFE744F21C10C2F200000178B6
:100AB000012000FA01F240F22001C2F20001C878E0
:100AC0001043C87011E044F21C10C2F2000000781C
:100AD000A0F10801012000FA01F240F22001C2F267
:100AE0000001087910430871FFE703980178407806
:100AF00040EA012044F21C12C2F20002137840F2D4
:100B00002001C2F20001453103EB430301EB8303F3
:100B1000188103988378C07840EA0320127802EBAA
:100B2000420201EB820148814DE044F21C10C2F206
:100B300000000078072810DCFFE744F21C10C2F226
:100B400000000178012000FA01F242F22001C2F215
:100B50000001C8781043C87011E044F21C10C2F2C2
:100B600000000078A0F10801012000FA01F242F231
:100B70002001C2F20001087910430871FFE742F238
:100B80002001C2F20001087840F0040001F8450B92
:100B900003980278407840EA022044F21C12C2F224
:100BA0000002137803EB430301EB830318810398DE
:100BB0008378C07840EA0320127802EB420201EB0E
:100BC00082014881FFE7FFE700F0D0BC9DF80B00F1
:100BD000202840F0AC80FFE744F21D10C2F2000074
:100BE0000078002851D0FFE744F21C10C2F2000048
:100BF0000078032811DCFFE744F21C10C2F2000069
:100C00000078011D012000FA01F240F22001C2F239
:100C1000000108791043087110E044F21C10C2F280
:100C200000000078011F012000FA01F240F22001CB
:100C3000C2F20001487910434871FFE700208DF8A7
:100C40000A00FFE79DF80A0017281DDCFFE703985C
:100C50009DF80A10405C44F21C11C2F200010978B0
:100C600001EBC10240F22001C2F2000101EBC2011E
:100C70009DF80A20114481F8E500FFE79DF80A007D
:100C800001308DF80A00DDE750E044F21C10C2F29A
:100C900000000078032811DCFFE744F21C10C2F2C8
:100CA00000000078011D012000FA01F242F220014B
:100CB000C2F2000108791043087110E044F21C10E0
:100CC000C2F200000078011F012000FA01F242F296
:100CD0002001C2F20001487910434871FFE700206B
:100CE0008DF80900FFE79DF8090017281DDCFFE7D4
:100CF00003989DF80910405C44F21C11C2F20001F7
:100D0000097801EBC10242F22001C2F2000101EBBD
:100D1000C2019DF80920114481F8E500FFE79DF824
:100D2000090001308DF80900DDE7FFE7FFE700F07B
:100D30001DBC9DF80B00202840F0AC80FFE744F27A
:100D40001D10C2F200000078002851D0FFE744F2E5
:100D50001C10C2F200000078072810DCFFE744F204
:100D60001C10C2F200000178012000FA01F240F2EA
:100D70002001C2F2000188791043887111E044F229
:100D80001C10C2F200000078A0F10801012000FA56
:100D900001F240F22001C2F20001C8791043C8718B
:100DA000FFE700208DF80800FFE79DF808001728EE
:100DB0001DDCFFE703989DF80810405C44F21C110D
:100DC000C2F20001097801EBC10240F22001C2F237
:100DD000000101EBC2019DF80820114481F8FD00DB
:100DE000FFE79DF8080001308DF80800DDE750E0CE
:100DF00044F21C10C2F200000078072810DCFFE764
:100E000044F21C10C2F200000178012000FA01F245
:100E100042F22001C2F2000188791043887111E08A
:100E200044F21C10C2F200000078A0F10801012079
:100E300000FA01F242F22001C2F20001C879104327
:100E4000C871FFE700208DF80700FFE79DF8070055
:100E500017281DDCFFE703989DF80710405C44F25B
:100E60001C11C2F20001097801EBC10242F220011B
:100E7000C2F2000101EBC2019DF80720114481F884
:100E8000FD00FFE79DF8070001308DF80700DDE762
:100E9000FFE7FFE76AE39DF80B00202840F0AC80F5
:100EA000FFE744F21D10C2F200000078002851D084
:100EB000FFE744F21C10C2F200000078032811DCA6
:100EC000FFE744F21C10C2F200000078011D01206F
:100ED00000FA01F240F22001C2F20001C879104389
:100EE000C87110E044F21C10C2F200000078011F2B
:100EF000012000FA01F240F22001C2F20001087A5A
:100F000010430872FFE700208DF80600FFE79DF808
:100F1000060017281DDCFFE703989DF80610405CCB
:100F200044F21C11C2F20001097801EBC10240F247
:100F30002001C2F2000101EBC2019DF8062011441C
:100F400081F81501FFE79DF8060001308DF80600D5
:100F5000DDE750E044F21C10C2F2000000780328E4
:100F600011DCFFE744F21C10C2F200000078011D02
:100F7000012000FA01F242F22001C2F20001C87918
:100F80001043C87110E044F21C10C2F20000007857
:100F9000011F012000FA01F242F22001C2F2000119
:100FA000087A10430872FFE700208DF80500FFE77C
:100FB0009DF8050017281DDCFFE703989DF8051034
:100FC000405C44F21C11C2F20001097801EBC1023D
:100FD00042F22001C2F2000101EBC2019DF805209E
:100FE000114481F81501FFE79DF8050001308DF8E7
:100FF0000500DDE7FFE7FFE7B8E29DF80B002028DA
:101000007ED1FFE744F21D10C2F200000078D8B391
:10101000FFE744F21C10C2F200000078072810DC41
:10102000FFE744F21C10C2F200000178012000FA30
:1010300001F240F22001C2F20001487A10434872E6
:1010400011E044F21C10C2F200000078A0F1080187
:10105000012000FA01F240F22001C2F20001887A78
:1010600010438872FFE70398007844F21C11C2F223
:101070000001097801EB410240F22001C2F20001B7
:10108000114481F821003AE044F21C10C2F2000041
:101090000078072810DCFFE744F21C10C2F20000C1
:1010A0000178012000FA01F242F22001C2F20001AF
:1010B000487A1043487211E044F21C10C2F200005A
:1010C0000078A0F10801012000FA01F242F22001AB
:1010D000C2F20001887A10438872FFE70398007813
:1010E00044F21C11C2F20001097801EB410242F204
:1010F0002001C2F20001114481F82100FFE7FFE75F
:1011000034E29DF80B0020287ED1FFE744F21D1049
:10111000C2F200000078D8B3FFE744F21C10C2F21C
:1011200000000078032811DCFFE744F21C10C2F233
:1011300000000078011D012000FA01F240F22001B8
:10114000C2F20001887A1043887210E044F21C1049
:10115000C2F200000078011F012000FA01F240F203
:101160002001C2F20001C87A1043C872FFE7039859
:10117000007844F21C11C2F20001097801EB41022F
:1011800040F22001C2F20001114481F822003AE04D
:1011900044F21C10C2F200000078032811DCFFE7C3
:1011A00044F21C10C2F200000078011D012000FA78
:1011B00001F242F22001C2F20001887A10438872E3
:1011C00010E044F21C10C2F200000078011F012060
:1011D00000FA01F242F22001C2F20001C87A104383
:1011E000C872FFE70398007844F21C11C2F20001B4
:1011F000097801EB410242F22001C2F200011144E0
:1012000081F82200FFE7FFE7B0E19DF80B002028FE
:101210007ED1FFE744F21D10C2F200000078D8B37F
:10122000FFE744F21C10C2F200000078072810DC2F
:10123000FFE744F21C10C2F200000178012000FA1E
:1012400001F240F22001C2F20001087B1043087352
:1012500011E044F21C10C2F200000078A0F1080175
:10126000012000FA01F240F22001C2F20001487BA5
:1012700010434873FFE70398007844F21C11C2F250
:101280000001097801EB410240F22001C2F20001A5
:10129000114481F823003AE044F21C10C2F200002D
:1012A0000078072810DCFFE744F21C10C2F20000AF
:1012B0000178012000FA01F242F22001C2F200019D
:1012C000087B1043087311E044F21C10C2F20000C6
:1012D0000078A0F10801012000FA01F242F2200199
:1012E000C2F20001487B10434873FFE7039800787F
:1012F00044F21C11C2F20001097801EB410242F2F2
:101300002001C2F20001114481F82300FFE7FFE74A
:101310002CE19DF80B0020285ED1FFE744F21D1060
:10132000C2F20000007858B3FFE744F21C10C2F28A
:1013300000000078032811DCFFE744F21C10C2F221
:1013400000000078011D012000FA01F240F22001A6
:10135000C2F20001487B1043487310E044F21C10B5
:10136000C2F200000078011F012000FA01F240F2F1
:101370002001C2F20001887B10438873FFE72AE056
:1013800044F21C10C2F200000078032811DCFFE7D1
:1013900044F21C10C2F200000078011D012000FA86
:1013A00001F242F22001C2F20001487B104348736F
:1013B00010E044F21C10C2F200000078011F01206E
:1013C00000FA01F242F22001C2F20001887B1043D0
:1013D0008873FFE7FFE7FFE7C8E09DF80B002028D0
:1013E0005ED1FFE744F21D10C2F20000007858B34E
:1013F000FFE744F21C10C2F200000078072810DC5E
:10140000FFE744F21C10C2F200000178012000FA4C
:1014100001F240F22001C2F20001C87B1043C87300
:1014200011E044F21C10C2F200000078A0F10801A3
:10143000012000FA01F240F22001C2F20001087C12
:1014400010430874FFE72AE044F21C10C2F20000C7
:101450000078072810DCFFE744F21C10C2F20000FD
:101460000178012000FA01F242F22001C2F20001EB
:10147000C87B1043C87311E044F21C10C2F2000094
:101480000078A0F10801012000FA01F242F22001E7
:10149000C2F20001087C10430874FFE7FFE7FFE792
:1014A00064E09DF80B0020285ED1FFE744F21D1098
:1014B000C2F20000007858B3FFE744F21C10C2F2F9
:1014C00000000078032811DCFFE744F21C10C2F290
:1014D00000000078011D012000FA01F240F2200115
:1014E000C2F20001087C1043087410E044F21C10A2
:1014F000C2F200000078011F012000FA01F240F260
:101500002001C2F20001487C10434874FFE72AE042
:1015100044F21C10C2F200000078032811DCFFE73F
:1015200044F21C10C2F200000078011D012000FAF4
:1015300001F242F22001C2F20001087C104308745B
:1015400010E044F21C10C2F200000078011F0120DC
:1015500000FA01F242F22001C2F20001487C10437D
:101560004874FFE7FFE7FFE700E0FFE704B07047DC
:1015700083B002908DF80710029808B9FFE73AE3AC
:1015800040F20900C2F20000007891380146009153
:10159000172800F22F830099DFE811F018003E00B1
:1015A00064008C00AC00CC00EC000C012C014C0160
:1015B0006C018C01AC01CC01EC010C022C024C0240
:1015C0006C028C02AC02CC02EC020C039DF807000A
:1015D000202820D1FFE744F21D10C2F2000000785D
:1015E00060B1FFE740F22001C2F20001887C40F0C8
:1015F000010088740298007888770BE042F220019D
:10160000C2F20001887C40F00100887402980078E2
:101610008877FFE7FFE7EEE29DF80700202820D15A
:10162000FFE744F21D10C2F20000007860B1FFE74E
:1016300040F22001C2F20001887C40F00200887470
:1016400002980078C8770BE042F22001C2F2000154
:10165000887C40F00200887402980078C877FFE721
:10166000FFE7C8E29DF80700202822D1FFE744F2F7
:101670001D10C2F20000007868B1FFE740F22001BF
:10168000C2F20001887C40F004008874029800785F
:1016900081F820000CE042F22001C2F20001887CB7
:1016A00040F0040088740298007881F82000FFE779
:1016B000FFE7A0E29DF8070020281AD1FFE744F2D7
:1016C0001D10C2F20000007848B1FFE740F220018F
:1016D000C2F20001887C40F00800887408E042F201
:1016E0002001C2F20001887C40F008008874FFE706
:1016F000FFE780E29DF8070020281AD1FFE744F2B7
:101700001D10C2F20000007848B1FFE740F220014E
:10171000C2F20001887C40F01000887408E042F2B8
:101720002001C2F20001887C40F010008874FFE7BD
:10173000FFE760E29DF8070020281AD1FFE744F296
:101740001D10C2F20000007848B1FFE740F220010E
:10175000C2F20001887C40F02000887408E042F268
:101760002001C2F20001887C40F020008874FFE76D
:10177000FFE740E29DF8070020281AD1FFE744F276
:101780001D10C2F20000007848B1FFE740F22001CE
:10179000C2F20001887C40F04000887408E042F208
:1017A0002001C2F20001887C40F040008874FFE70D
:1017B000FFE720E29DF8070020281AD1FFE744F256
:1017C0001D10C2F20000007848B1FFE740F220018E
:1017D000C2F20001887C40F08000887408E042F288
:1017E0002001C2F20001887C40F080008874FFE78D
:1017F000FFE700E29DF8070020281AD1FFE744F236
:101800001D10C2F20000007848B1FFE740F220014D
:10181000C2F20001C87C40F00100C87408E042F246
:101820002001C2F20001C87C40F00100C874FFE74B
:10183000FFE7E0E19DF8070020281AD1FFE744F216
:101840001D10C2F20000007848B1FFE740F220010D
:10185000C2F20001C87C40F00200C87408E042F205
:101860002001C2F20001C87C40F00200C874FFE70A
:10187000FFE7C0E19DF8070020281AD1FFE744F2F6
:101880001D10C2F20000007848B1FFE740F22001CD
:10189000C2F20001C87C40F00400C87408E042F2C3
:1018A0002001C2F20001C87C40F00400C874FFE7C8
:1018B000FFE7A0E19DF8070020281AD1FFE744F2D6
:1018C0001D10C2F20000007848B1FFE740F220018D
:1018D000C2F20001C87C40F00800C87408E042F27F
:1018E0002001C2F20001C87C40F00800C874FFE784
:1018F000FFE780E19DF8070020281AD1FFE744F2B6
:101900001D10C2F20000007848B1FFE740F220014C
:10191000C2F20001C87C40F01000C87408E042F236
:101920002001C2F20001C87C40F01000C874FFE73B
:10193000FFE760E19DF8070020281AD1FFE744F295
:101940001D10C2F20000007848B1FFE740F220010C
:10195000C2F20001C87C40F02000C87408E042F2E6
:101960002001C2F20001C87C40F02000C874FFE7EB
:10197000FFE740E19DF8070020281AD1FFE744F275
:101980001D10C2F20000007848B1FFE740F22001CC
:10199000C2F20001C87C40F04000C87408E042F286
:1019A0002001C2F20001C87C40F04000C874FFE78B
:1019B000FFE720E19DF8070020281AD1FFE744F255
:1019C0001D10C2F20000007848B1FFE740F220018C
:1019D000C2F20001C87C40F08000C87408E042F206
:1019E0002001C2F20001C87C40F08000C874FFE70B
:1019F000FFE700E19DF8070020281AD1FFE744F235
:101A00001D10C2F20000007848B1FFE740F220014B
:101A1000C2F20001087D40F00100087508E042F2C2
:101A20002001C2F20001087D40F001000875FFE7C7
:101A3000FFE7E0E09DF8070020281AD1FFE744F215
:101A40001D10C2F20000007848B1FFE740F220010B
:101A5000C2F20001087D40F00200087508E042F281
:101A60002001C2F20001087D40F002000875FFE786
:101A7000FFE7C0E09DF8070020281AD1FFE744F2F5
:101A80001D10C2F20000007848B1FFE740F22001CB
:101A9000C2F20001087D40F00400087508E042F23F
:101AA0002001C2F20001087D40F004000875FFE744
:101AB000FFE7A0E09DF8070020281AD1FFE744F2D5
:101AC0001D10C2F20000007848B1FFE740F220018B
:101AD000C2F20001087D40F00800087508E042F2FB
:101AE0002001C2F20001087D40F008000875FFE700
:101AF000FFE780E09DF8070020281AD1FFE744F2B5
:101B00001D10C2F20000007848B1FFE740F220014A
:101B1000C2F20001087D40F01000087508E042F2B2
:101B20002001C2F20001087D40F010000875FFE7B7
:101B3000FFE760E09DF8070020281AD1FFE744F294
:101B40001D10C2F20000007848B1FFE740F220010A
:101B5000C2F20001087D40F02000087508E042F262
:101B60002001C2F20001087D40F020000875FFE767
:101B700041E0FFE79DF8070020281AD1FFE744F273
:101B80001D10C2F20000007848B1FFE740F22001CA
:101B9000C2F20001087D40F04000087508E042F202
:101BA0002001C2F20001087D40F040000875FFE707
:101BB000FFE720E09DF8070020281AD1FFE744F254
:101BC0001D10C2F20000007848B1FFE740F220018A
:101BD000C2F20001087D40F08000087508E042F282
:101BE0002001C2F20001087D40F080000875FFE787
:101BF000FFE700E0FFE703B07047000083B002900A
:101C00008DF80710029808B9FFE7E2E040F20A00F9
:101C1000C2F200000078A93801460091072800F2BE
:101C2000D7800099DFE801F0041E38526C86A0BA14
:101C300044F21D10C2F20000007848B1FFE740F204
:101C40002001C2F20001487D40F00100487508E023
:101C500042F22001C2F20001487D40F001004875C7
:101C6000FFE7B6E044F21D10C2F20000007848B170
:101C7000FFE740F22001C2F20001487D40F002007F
:101C8000487508E042F22001C2F20001487D40F0B0
:101C900002004875FFE79CE044F21D10C2F200000C
:101CA000007848B1FFE740F22001C2F20001487D10
:101CB00040F00400487508E042F22001C2F2000141
:101CC000487D40F004004875FFE782E044F21D10B3
:101CD000C2F20000007848B1FFE740F22001C2F2F2
:101CE0000001487D40F00800487508E042F22001FC
:101CF000C2F20001487D40F008004875FFE768E047
:101D000044F21D10C2F20000007848B1FFE740F233
:101D10002001C2F20001487D40F01000487508E043
:101D200042F22001C2F20001487D40F010004875E7
:101D3000FFE74EE044F21D10C2F20000007848B107
:101D4000FFE740F22001C2F20001487D40F0200090
:101D5000487508E042F22001C2F20001487D40F0DF
:101D600020004875FFE734E044F21D10C2F2000085
:101D7000007848B1FFE740F22001C2F20001487D3F
:101D800040F04000487508E042F22001C2F2000134
:101D9000487D40F040004875FFE71AE044F21D100E
:101DA000C2F20000007848B1FFE740F22001C2F221
:101DB0000001487D40F08000487508E042F22001B3
:101DC000C2F20001487D40F080004875FFE700E066
:101DD000FFE703B07047000080B584B003908DF832
:101DE0000B10039808B9FFE736E09DF80B000228B6
:101DF00032DBFFE703989DF80B100139425C01923A
:101E0000C9B200F0E5FB01460198884224D1FFE702
:101E100044F21C10C2F2000000780C2806D0FFE744
:101E200003989DF80B10FEF7BDFC14E044F21C1063
:101E3000C2F2000000780C2806D1FFE703989DF855
:101E40000B10FFF795FB05E003989DF80B10FFF7CB
:101E5000D5FEFFE7FFE7FFE704B080BD80B586B0A1
:101E600005900491ADF80E20059808B9FFE7AEE0A3
:101E70000598029000208DF80700029890F84D0018
:101E8000A8B1FFE7029890F84D00012804D1FFE7C0
:101E900001208DF80700FFE7029890F84D00022816
:101EA00004D1FFE702208DF80700FFE7FFE70020DD
:101EB0008DF80600FFE79DF806000C285CDCFFE7C4
:101EC0009DF807109DF8060000EB800248F6001010
:101ED000C2F20000009000EB8202517002999DF85E
:101EE00006201144497802EB820200EB82029170D5
:101EF00002999DF8062001EB8201497B02EB8202E8
:101F000000EB8202117102999DF8062001EB82011B
:101F1000897B02EB820200EB8202517102999DF8EB
:101F2000062001EB8201C97B02EB820200EB8202F8
:101F3000917102999DF8062001EB8201097C02EB68
:101F4000820200EB8202D1719DF8061001EB810143
:101F500000EB81000F2100F03BFB00999DF806206B
:101F600002EB820201EB8201C873FFE79DF80600D5
:101F700001308DF806009EE744F21D10C2F2000009
:101F8000007890B1FFE744F21D11C2F20001002079
:101F90000870049ABDF80E3040F22000C2F2000032
:101FA0004FF4B3610FF0CCFF11E044F21D11C2F207
:101FB000000101200870049ABDF80E3042F22000A2
:101FC000C2F200004FF4B3610FF0BAFFFFE706B0B2
:101FD00080BD000010B588B094468E4604460C982B
:101FE0000B990A9A0794CDF818E0CDF814C0049321
:101FF0008DF80F208DF80E108DF80D0007980290C7
:1020000044F20041C4F2000188423DD0FFE702984B
:1020100044F60001C4F2000188423AD0FFE702987A
:1020200044F60041C4F20001884237D0FFE702982D
:1020300045F20001C4F20001884234D0FFE7029863
:1020400047F60001C4F20001884236D0FFE702984B
:1020500047F60041C4F20001884233D0FFE70298FE
:1020600041F20001C4F20101884208D0FFE7029862
:1020700041F20041C4F20101884219D027E041F247
:10208000041009F0E7FD24E041F2110009F0E2FD3F
:102090001FE041F2120009F0DDFD1AE041F21300E9
:1020A00009F0D8FD15E041F2140009F0D3FD10E06D
:1020B00041F2051009F0CEFD0BE041F21E0009F0DF
:1020C000C9FD06E041F21F0009F0C4FD01E0FFE791
:1020D000FEE7079810F05AFA0798059910F036FABB
:1020E0000798049910F07EFB0798069910F082F982
:1020F00007980021019110F0D1FB0199079810F089
:10210000A7FB0199079810F07DFB0199079810F043
:1021100005FB0199079810F0EFFA0798042110F0D9
:1021200081FB0798082110F0A3FB9DF80F00C00762
:1021300068B1FFE7079840F2053110F001FB0798FE
:1021400040F20531C0F2050110F00CFBFFE79DF8ED
:102150000F00800700280DD5FFE7079840F20731F0
:1021600010F0EEFA079840F20731C0F2070110F0C4
:10217000F9FAFFE79DF80F00400700280DD5FFE7AB
:10218000079840F2063110F0DBFA079840F206316A
:10219000C0F2060110F0E6FAFFE79DF80F000028F4
:1021A0006FD0FFE700208DF80C000798009044F2F4
:1021B0000041C4F2000188423CD0FFE7009844F699
:1021C0000001C4F20001884238D0FFE7009844F6CD
:1021D0000041C4F20001884234D0FFE7009845F284
:1021E0000001C4F20001884230D0FFE7009847F6B2
:1021F0000001C4F20001884230D0FFE7009847F6A2
:102200000041C4F2000188422CD0FFE7009841F25F
:102210000001C4F20101884208D0FFE7009841F2B2
:102220000041C4F20101884214D01FE025208DF83E
:102230000C001DE026208DF80C0019E027208DF8F9
:102240000C0015E034208DF80C0011E035208DF8DD
:102250000C000DE047208DF80C0009E052208DF8AD
:102260000C0005E053208DF80C0001E0FFE7FEE7CD
:102270009DF90C009DF80E109DF80D2008F07CFCD7
:10228000FFE7079810F02EFA08B010BDB0B594B073
:1022900094468E4604461B981A99199A189D1394D1
:1022A000CDF848E0CDF844C08DF843308DF8422099
:1022B0008DF841108DF84000139810F0F7F90020C8
:1022C0008DF83F000E908DF837008DF8360013988A
:1022D000039044F20041C4F20001884244D0FFE779
:1022E000039844F60001C4F20001884248D0FFE799
:1022F000039844F60041C4F2000188424CD0FFE745
:10230000039845F20001C4F2000188424FD0FFE774
:10231000039847F60001C4F2000188425FD0FFE74E
:10232000039847F60041C4F20001884263D0FFE7FA
:10233000039841F20001C4F20101884208D0FFE78E
:10234000039841F20041C4F2010188423BD05EE0B3
:1023500046F20040C4F202000E9007208DF83F00C4
:1023600004208DF8370054E046F20000C4F2020069
:102370000E9006208DF83F0004208DF8370048E0CD
:1023800046F20000C4F202000E9003208DF83F00D8
:1023900004208DF837003CE046F20000C4F2020051
:1023A0000E9004208DF83F008DF8370031E046F2A2
:1023B0000000C4F202000E9007208DF83F000420B8
:1023C0008DF8370025E046F20040C4F202000E907E
:1023D00006208DF83F0005208DF8370019E046F201
:1023E0000000C4F202000E9001208DF83F0005208D
:1023F0008DF837000DE046F20000C4F202000E90A6
:1024000000208DF83F0005208DF8370001E0FFE740
:10241000FEE70E989DF83F1002F0ACFD0E989DF877
:102420003F1002F0EFFD40200A9012980690002025
:10243000079011990B911399043104910121059191
:10244000089018980C909DF84300C00718B1FFE75A
:102450000020099002E001200990FFE70E989DF806
:102460003F1004AA02F030FF0E989DF83F109DF82F
:10247000372002F0A3FD9DF84000002800F08C807A
:10248000FFE79DF84000000700280ED5FFE70E98F3
:102490009DF83F101022029202F09CFE029A0E98C4
:1024A0009DF83F1002F0BAFEFFE79DF84000C0071C
:1024B00070B1FFE70E989DF83F100822019202F0DC
:1024C00089FE019A0E989DF83F1002F0A7FEFFE7E3
:1024D0001398009044F20041C4F2000188423CD0BD
:1024E000FFE7009844F60001C4F20001884238D0AA
:1024F000FFE7009844F60041C4F20001884234D05E
:10250000FFE7009845F20001C4F20001884230D094
:10251000FFE7009847F60001C4F20001884230D07E
:10252000FFE7009847F60041C4F2000188422CD032
:10253000FFE7009841F20001C4F20101884208D08F
:10254000FFE7009841F20041C4F20101884214D033
:102550001FE046208DF836001DE011208DF8360072
:1025600019E00E208DF8360015E00F208DF83600AA
:1025700011E02F208DF836000DE045208DF8360053
:1025800009E00C208DF8360005E00B208DF83600B0
:1025900001E0FFE7FEE7FFE70E989DF83F1002F02D
:1025A000FBFC1398802110F08BF89DF8400048B197
:1025B000FFE79DF936009DF842109DF8412008F094
:1025C000DBFAFFE7139810F08DF814B0B0BD0000EF
:1025D00082B001908DF80310FF208DF80200FFE714
:1025E0009DF80300411E8DF8031078B1FFE79DF8B8
:1025F000020001994A1C01920978414043F2C0103F
:10260000C0F60100405C8DF80200E9E79DF8020089
:1026100002B0704780B582B046F20040C4F20200BA
:102620000621202202F092FD50B3FFE746F200405F
:10263000C4F202000621202202F054FD0020019085
:10264000FFE70198412805DCFFE7FFE7019801302B
:102650000190F6E740F60000C4F202004FF48071EA
:1026600005F090FB41F65701C2F20101002008700D
:1026700046F20040C4F20200062102F07BFCFFE7B4
:1026800002B080BD80B582B046F20040C4F20200C4
:102690000721202202F05AFD48B3FFE746F200402E
:1026A000C4F202000721202202F01CFD002001904C
:1026B000FFE70198412805DCFFE7FFE701980130BB
:1026C0000190F6E70020C4F202004FF4006105F02B
:1026D00059FB41F28D71C2F201010020087046F2EF
:1026E0000040C4F20200072102F044FCFFE702B000
:1026F00080BD0000FFE7FEE780B596B040F20040E5
:10270000C4F202000A90022111914022099205F0C0
:10271000CFFA099B0A9811990022139205F042FB07
:10272000099B0A98119A139905F08AFB0A98119946
:1027300080220B9205F0BCFA0A980B9B1199139A10
:1027400005F030FB0A980B9B119A139905F078FB62
:10275000139A0020C4F20200109001210D914FF451
:1027600000630C9305F01EFB0C9B1098119A1399B3
:1027700005F066FB109807210F914FF400720E923E
:1027800005F096FA0D9A0E9B1098119905F00AFB28
:102790000E9B1098119A139905F052FB0F991098FF
:1027A0004FF48062129205F083FA10981199129BEF
:1027B000139A05F0F7FA1098119A129B139905F0E5
:1027C0003FFB13981590FFE71598412805DCFFE7BC
:1027D000FFE7159801301590F6E70020C4F20200DB
:1027E0004FF4006105F0CEFA40F60000C4F202009A
:1027F000059001210291002208924FF48073019309
:1028000005F0D0FA019B059808990222069205F07E
:1028100017FB0598082104914022039205F048FA1D
:10282000029A039B0598069905F0BCFA039B05984C
:10283000069A089905F004FB0499059880220792EE
:1028400005F036FA05980699079B089A05F0AAFA4A
:102850000598069A079B089905F0F2FA08981490D3
:10286000FFE71498412805DCFFE7FFE714980130E3
:102870001490F6E740F60000C4F202004FF48071B5
:1028800005F080FA16B080BDFFE7FEE7FFE7FEE740
:10289000FFE7FEE782B08DF8070000919DF9070081
:1028A000B0F1FF3F0CDCFFE7009800019DF8071036
:1028B00001F00F014EF61452CEF20002885409E0E6
:1028C000009800019DF907104EF20042CEF200027E
:1028D0008854FFE702B07047BFF34F8F4EF60C519C
:1028E000CEF20001086800F4E0600422C0F2FA525F
:1028F00010430860BFF34F8FFFE7FEE7BFF34F8F32
:102900004EF60C51CEF20001086800F4E06004229B
:10291000C0F2FA5210430860BFF34F8FFFE7FEE7A3
:10292000FFE7FEE780B58CB044F21C11C2F2000153
:10293000087801300870C0B20E2819DBFFE744F2B6
:102940001C11C2F200010020087040F20801C2F21E
:102950000001087801300870C0B20D2807DBFFE7DE
:1029600040F20801C2F2000101200870FFE7FFE712
:1029700044F21C10C2F2000000780B2800F3998486
:10298000FFE740F20800C2F20000017844F21C1296
:10299000C2F20002137803EB430301EB83011278C8
:1029A00002EB820348F60012C2F2000202F8231082
:1029B00000780138014608910B2800F278840899C4
:1029C000DFE811F00C006B00C90027018501E3016D
:1029D00041029F02FD025B03B903170444F21D107C
:1029E000C2F20000007858B3FFE744F21C10C2F2B4
:1029F00000000078072810DCFFE744F21C10C2F248
:102A000000000178012000FA01F240F22001C2F238
:102A1000000108789043087011E044F21C10C2F2E3
:102A200000000078A0F10801012000FA01F240F254
:102A30002001C2F20001487890434870FFE72AE085
:102A400044F21C10C2F200000078072810DCFFE7F7
:102A500044F21C10C2F200000178012000FA01F2D9
:102A600042F22001C2F2000108789043087011E0A0
:102A700044F21C10C2F200000078A0F1080101200D
:102A800000FA01F242F22001C2F2000148789043BC
:102A90004870FFE7FFE700F00BBC44F21D10C2F2E4
:102AA0000000007858B3FFE744F21C10C2F20000A7
:102AB0000078032811DCFFE744F21C10C2F200008A
:102AC0000078011D012000FA01F240F22001C2F25B
:102AD000000148789043487010E044F21C10C2F2A4
:102AE00000000078011F012000FA01F240F22001ED
:102AF000C2F20001887890438870FFE72AE044F230
:102B00001C10C2F200000078032811DCFFE744F239
:102B10001C10C2F200000078011D012000FA01F231
:102B200042F22001C2F2000148789043487010E060
:102B300044F21C10C2F200000078011F012000FACC
:102B400001F242F22001C2F20001887890438870BD
:102B5000FFE7FFE7ACE344F21D10C2F2000000788B
:102B600058B3FFE744F21C10C2F2000000780728B7
:102B700010DCFFE744F21C10C2F2000001780120D3
:102B800000FA01F240F22001C2F20001C87890433D
:102B9000C87011E044F21C10C2F200000078A0F1ED
:102BA0000801012000FA01F240F22001C2F2000106
:102BB000087990430871FFE72AE044F21C10C2F242
:102BC00000000078072810DCFFE744F21C10C2F276
:102BD00000000178012000FA01F242F22001C2F265
:102BE0000001C8789043C87011E044F21C10C2F292
:102BF00000000078A0F10801012000FA01F242F281
:102C00002001C2F20001087990430871FFE7FFE755
:102C10004EE344F21D10C2F20000007858B3FFE703
:102C200044F21C10C2F200000078032811DCFFE718
:102C300044F21C10C2F200000078011D012000FACD
:102C400001F240F22001C2F20001087990430871BC
:102C500010E044F21C10C2F200000078011F0120B5
:102C600000FA01F240F22001C2F2000148799043DB
:102C70004871FFE72AE044F21C10C2F2000000781D
:102C8000032811DCFFE744F21C10C2F200000078B8
:102C9000011D012000FA01F242F22001C2F20001FE
:102CA00008799043087110E044F21C10C2F2000051
:102CB0000078011F012000FA01F242F22001C2F265
:102CC0000001487990434871FFE7FFE7F0E244F2E2
:102CD0001D10C2F20000007858B3FFE744F21C1048
:102CE000C2F200000078072810DCFFE744F21C1055
:102CF000C2F200000178012000FA01F240F2200146
:102D0000C2F2000188799043887111E044F21C10EE
:102D1000C2F200000078A0F10801012000FA01F2DF
:102D200040F22001C2F20001C8799043C871FFE768
:102D30002AE044F21C10C2F200000078072810DCE0
:102D4000FFE744F21C10C2F200000178012000FAF3
:102D500001F242F22001C2F20001887990438871A9
:102D600011E044F21C10C2F200000078A0F108014A
:102D7000012000FA01F242F22001C2F20001C879FA
:102D80009043C871FFE7FFE792E244F21D10C2F2E0
:102D90000000007858B3FFE744F21C10C2F20000B4
:102DA0000078032811DCFFE744F21C10C2F2000097
:102DB0000078011D012000FA01F240F22001C2F268
:102DC0000001C8799043C87110E044F21C10C2F2AF
:102DD00000000078011F012000FA01F240F22001FA
:102DE000C2F20001087A90430872FFE72AE044F239
:102DF0001C10C2F200000078032811DCFFE744F247
:102E00001C10C2F200000078011D012000FA01F23E
:102E100042F22001C2F20001C8799043C87110E06B
:102E200044F21C10C2F200000078011F012000FAD9
:102E300001F242F22001C2F20001087A90430872C6
:102E4000FFE7FFE734E244F21D10C2F20000007811
:102E500058B3FFE744F21C10C2F2000000780728C4
:102E600010DCFFE744F21C10C2F2000001780120E0
:102E700000FA01F240F22001C2F20001487A9043C8
:102E8000487211E044F21C10C2F200000078A0F178
:102E90000801012000FA01F240F22001C2F2000113
:102EA000887A90438872FFE72AE044F21C10C2F24D
:102EB00000000078072810DCFFE744F21C10C2F283
:102EC00000000178012000FA01F242F22001C2F272
:102ED0000001487A9043487211E044F21C10C2F29B
:102EE00000000078A0F10801012000FA01F242F28E
:102EF0002001C2F20001887A90438872FFE7FFE761
:102F0000D6E144F21D10C2F20000007858B3FFE78A
:102F100044F21C10C2F200000078032811DCFFE725
:102F200044F21C10C2F200000078011D012000FADA
:102F300001F240F22001C2F20001887A90438872C7
:102F400010E044F21C10C2F200000078011F0120C2
:102F500000FA01F240F22001C2F20001C87A904367
:102F6000C872FFE72AE044F21C10C2F200000078A9
:102F7000032811DCFFE744F21C10C2F200000078C5
:102F8000011D012000FA01F242F22001C2F200010B
:102F9000887A9043887210E044F21C10C2F200005C
:102FA0000078011F012000FA01F242F22001C2F272
:102FB0000001C87A9043C872FFE7FFE778E144F266
:102FC0001D10C2F20000007858B3FFE744F21C1055
:102FD000C2F200000078072810DCFFE744F21C1062
:102FE000C2F200000178012000FA01F240F2200153
:102FF000C2F20001087B9043087311E044F21C10F8
:10300000C2F200000078A0F10801012000FA01F2EC
:1030100040F22001C2F20001487B90434873FFE771
:103020002AE044F21C10C2F200000078072810DCED
:10303000FFE744F21C10C2F200000178012000FA00
:1030400001F242F22001C2F20001087B90430873B2
:1030500011E044F21C10C2F200000078A0F1080157
:10306000012000FA01F242F22001C2F20001487B85
:1030700090434873FFE7FFE71AE144F21D10C2F2E4
:103080000000007858B3FFE744F21C10C2F20000C1
:103090000078032811DCFFE744F21C10C2F20000A4
:1030A0000078011D012000FA01F240F22001C2F275
:1030B0000001487B9043487310E044F21C10C2F2B8
:1030C00000000078011F012000FA01F240F2200107
:1030D000C2F20001887B90438873FFE72AE044F244
:1030E0001C10C2F200000078032811DCFFE744F254
:1030F0001C10C2F200000078011D012000FA01F24C
:1031000042F22001C2F20001487B9043487310E074
:1031100044F21C10C2F200000078011F012000FAE6
:1031200001F242F22001C2F20001887B90438873D1
:10313000FFE7FFE7BCE044F21D10C2F20000007898
:1031400058B3FFE744F21C10C2F2000000780728D1
:1031500010DCFFE744F21C10C2F2000001780120ED
:1031600000FA01F240F22001C2F20001C87B904354
:10317000C87311E044F21C10C2F200000078A0F104
:103180000801012000FA01F240F22001C2F2000120
:10319000087C90430874FFE72AE044F21C10C2F256
:1031A00000000078072810DCFFE744F21C10C2F290
:1031B00000000178012000FA01F242F22001C2F27F
:1031C0000001C87B9043C87311E044F21C10C2F2A6
:1031D00000000078A0F10801012000FA01F242F29B
:1031E0002001C2F20001087C90430874FFE7FFE76A
:1031F0005EE044F21D10C2F20000007858B3FFE711
:1032000044F21C10C2F200000078032811DCFFE732
:1032100044F21C10C2F200000078011D012000FAE7
:1032200001F240F22001C2F20001087C90430874D0
:1032300010E044F21C10C2F200000078011F0120CF
:1032400000FA01F240F22001C2F20001487C9043F2
:103250004874FFE72AE044F21C10C2F20000007834
:10326000032811DCFFE744F21C10C2F200000078D2
:10327000011D012000FA01F242F22001C2F2000118
:10328000087C9043087410E044F21C10C2F2000065
:103290000078011F012000FA01F242F22001C2F27F
:1032A0000001487C90434874FFE7FFE700E0FFE738
:1032B000C5E344F21C10C2F2000000780C2840F074
:1032C000B982FFE740F20901C2F20001087801303B
:1032D0000870C0B2A92807DBFFE740F20901C2F27B
:1032E000000191200870FFE740F20900C2F20000DF
:1032F000017844F21C12C2F20002127802EB82033F
:1033000048F60012C2F2000202F823100078913849
:1033100001460791172800F28B820799DFE811F028
:10332000180032004C00660080009A00B400CE0005
:10333000E80002011C01360150016A0184019E016E
:10334000B801D201EC01060220023A0254026E02D8
:1033500044F21D10C2F20000007848B1FFE740F2CD
:103360002001C2F20001887C00F0FE00887408E0B1
:1033700042F22001C2F20001887C00F0FE00887455
:10338000FFE756E244F21D10C2F20000007848B197
:10339000FFE740F22001C2F20001887C00F0FD004E
:1033A000887408E042F22001C2F20001887C00F03B
:1033B000FD008874FFE73CE244F21D10C2F20000F9
:1033C000007848B1FFE740F22001C2F20001887C9A
:1033D00000F0FB00887408E042F22001C2F2000114
:1033E000887C00F0FB008874FFE722E244F21D10A5
:1033F000C2F20000007848B1FFE740F22001C2F2BB
:103400000001887C00F0F700887408E042F2200197
:10341000C2F20001887C00F0F7008874FFE708E240
:1034200044F21D10C2F20000007848B1FFE740F2FC
:103430002001C2F20001887C00F0EF00887408E0EF
:1034400042F22001C2F20001887C00F0EF00887493
:10345000FFE7EEE144F21D10C2F20000007848B12F
:10346000FFE740F22001C2F20001887C00F0DF009B
:10347000887408E042F22001C2F20001887C00F06A
:10348000DF008874FFE7D4E144F21D10C2F20000AF
:10349000007848B1FFE740F22001C2F20001887CC9
:1034A00000F0BF00887408E042F22001C2F200017F
:1034B000887C00F0BF008874FFE7BAE144F21D1079
:1034C000C2F20000007848B1FFE740F22001C2F2EA
:1034D0000001887C00F07F00887408E042F220013F
:1034E000C2F20001887C00F07F008874FFE7A0E151
:1034F00044F21D10C2F20000007848B1FFE740F22C
:103500002001C2F20001C87C00F0FE00C87408E08F
:1035100042F22001C2F20001C87C00F0FE00C87433
:10352000FFE786E144F21D10C2F20000007848B1C6
:10353000FFE740F22001C2F20001C87C00F0FD006C
:10354000C87408E042F22001C2F20001C87C00F019
:10355000FD00C874FFE76CE144F21D10C2F20000E8
:10356000007848B1FFE740F22001C2F20001C87CB8
:1035700000F0FB00C87408E042F22001C2F2000132
:10358000C87C00F0FB00C874FFE752E144F21D1054
:10359000C2F20000007848B1FFE740F22001C2F219
:1035A0000001C87C00F0F700C87408E042F2200176
:1035B000C2F20001C87C00F0F700C874FFE738E1F0
:1035C00044F21D10C2F20000007848B1FFE740F25B
:1035D0002001C2F20001C87C00F0EF00C87408E0CE
:1035E00042F22001C2F20001C87C00F0EF00C87472
:1035F000FFE71EE144F21D10C2F20000007848B15E
:10360000FFE740F22001C2F20001C87C00F0DF00B9
:10361000C87408E042F22001C2F20001C87C00F048
:10362000DF00C874FFE704E144F21D10C2F200009D
:10363000007848B1FFE740F22001C2F20001C87CE7
:1036400000F0BF00C87408E042F22001C2F200019D
:10365000C87C00F0BF00C874FFE7EAE044F21D1028
:10366000C2F20000007848B1FFE740F22001C2F248
:103670000001C87C00F07F00C87408E042F220011D
:10368000C2F20001C87C00F07F00C874FFE7D0E000
:1036900044F21D10C2F20000007848B1FFE740F28A
:1036A0002001C2F20001087D00F0FE00087508E06C
:1036B00042F22001C2F20001087D00F0FE00087510
:1036C000FFE7B6E044F21D10C2F20000007848B1F6
:1036D000FFE740F22001C2F20001087D00F0FD008A
:1036E000087508E042F22001C2F20001087D00F0F6
:1036F000FD000875FFE79CE044F21D10C2F20000D7
:10370000007848B1FFE740F22001C2F20001087DD5
:1037100000F0FB00087508E042F22001C2F200014F
:10372000087D00F0FB000875FFE782E044F21D1001
:10373000C2F20000007848B1FFE740F22001C2F277
:103740000001087D00F0F700087508E042F2200152
:10375000C2F20001087D00F0F7000875FFE768E09D
:1037600044F21D10C2F20000007848B1FFE740F2B9
:103770002001C2F20001087D00F0EF00087508E0AA
:1037800042F22001C2F20001087D00F0EF0008754E
:10379000FFE74EE044F21D10C2F20000007848B18D
:1037A000FFE740F22001C2F20001087D00F0DF00D7
:1037B000087508E042F22001C2F20001087D00F025
:1037C000DF000875FFE734E044F21D10C2F200008C
:1037D000007848B1FFE740F22001C2F20001087D05
:1037E00000F0BF00087508E042F22001C2F20001BB
:1037F000087D00F0BF000875FFE71AE044F21D10D5
:10380000C2F20000007848B1FFE740F22001C2F2A6
:103810000001087D00F07F00087508E042F22001F9
:10382000C2F20001087D00F07F000875FFE700E0AC
:10383000FFE703E140F20A01C2F20001087801301B
:103840000870C0B2B12807DBFFE740F20A01C2F2FC
:103850000001A9200870FFE740F20A00C2F2000050
:10386000017844F21C12C2F20002127802EB8203C9
:1038700048F60012C2F2000202F823100078A938BC
:1038800001460691072800F2D7800699DFE801F08B
:10389000041E38526C86A0BA44F21D10C2F2000019
:1038A000007848B1FFE740F22001C2F20001487DF4
:1038B00000F0FE00487508E042F22001C2F200016B
:1038C000487D00F0FE004875FFE7B6E044F21D10A9
:1038D000C2F20000007848B1FFE740F22001C2F2D6
:1038E0000001487D00F0FD00487508E042F220012B
:1038F000C2F20001487D00F0FD004875FFE79CE042
:1039000044F21D10C2F20000007848B1FFE740F217
:103910002001C2F20001487D00F0FB00487508E07C
:1039200042F22001C2F20001487D00F0FB00487520
:10393000FFE782E044F21D10C2F20000007848B1B7
:10394000FFE740F22001C2F20001487D00F0F700DD
:10395000487508E042F22001C2F20001487D00F003
:10396000F7004875FFE768E044F21D10C2F200005E
:10397000007848B1FFE740F22001C2F20001487D23
:1039800000F0EF00487508E042F22001C2F20001A9
:10399000487D00F0EF004875FFE74EE044F21D104F
:1039A000C2F20000007848B1FFE740F22001C2F205
:1039B0000001487D00F0DF00487508E042F2200178
:1039C000C2F20001487D00F0DF004875FFE734E0F7
:1039D00044F21D10C2F20000007848B1FFE740F247
:1039E0002001C2F20001487D00F0BF00487508E0E8
:1039F00042F22001C2F20001487D00F0BF0048758C
:103A0000FFE71AE044F21D10C2F20000007848B14E
:103A1000FFE740F22001C2F20001487D00F07F0084
:103A2000487508E042F22001C2F20001487D00F032
:103A30007F004875FFE700E0FFE7FFE7FFE744F29C
:103A40001C10C2F200000490007800EB800148F6E0
:103A50000010C2F20000059000EB81001321FEF778
:103A6000B7FD049A0599127802EB820201EB8201FC
:103A7000C87441F20040C4F201000B900B9841F26F
:103A80000001C4F2010188423FD1FFE741F28D718C
:103A9000C2F20101012008700020C4F202004FF4BC
:103AA000006104F077F900200A90FFE70A980328E4
:103AB00005DCFFE7FFE70A9801300A90F6E746F2D7
:103AC0000040C4F20200029007210391202201F07D
:103AD00009FB0298039944F21C12C2F20002127808
:103AE00002EB820348F60012C2F2000202EB8303EB
:103AF000002201F0C7FB02980399142201F09EFCFA
:103B00000298039901F048FA3AE041F65701C2F2EF
:103B100001010120087040F60000C4F202004FF4D9
:103B2000807104F037F900200990FFE70998032815
:103B300005DCFFE7FFE7099801300990F6E744F25A
:103B40001C10C2F20000007800EB800148F6001063
:103B5000C2F2000000EB810346F20040C4F2020012
:103B6000009006210191002201F08CFB0098019940
:103B7000142201F063FC0098019901F00DFAFFE7AF
:103B80000CB080BD80B54FF4406008F063F840F69B
:103B9000014008F05FF840F6024008F05BF840F69C
:103BA000034008F057F840F6044008F053F84FF48B
:103BB000805008F04FF841F2010008F04BF841F254
:103BC000020008F047F841F2030008F043F841F220
:103BD000050008F03FF841F2041008F03BF841F20C
:103BE000051008F037F840F6154008F033F840F6B5
:103BF000164008F02FF880BDFFE7FEE784B00020F4
:103C00000390029043F60001C4F20201086840F4F8
:103C100080300860FFE703980130039043F600000E
:103C2000C4F20200006800F400300290FFE702993D
:103C30000020009039B9FFE70398B0F5006018BF85
:103C400001200090FFE70098C0070028E3D1FFE7BC
:103C500043F60000C4F202000068800300280CD480
:103C6000FFE7FFE743F60000C4F2020000688003AC
:103C7000002801D4FFE7F5E7FFE743F64001C4F26F
:103C80000201086840F08050086047F20001C4F269
:103C90000001086840F44040086043F60801C4F29F
:103CA000020108680860086840F40040086008687D
:103CB00040F4A050086043F60401C4F2020146F249
:103CC0001940C0F64010086043F60001C4F202013A
:103CD000086840F080700860FFE743F60000C4F217
:103CE000020000688001002801D4FFE7F5E747F2F1
:103CF0000001C4F20001086840F480300860FFE76A
:103D000047F20400C4F200000068C003002801D498
:103D1000FFE7F5E747F20001C4F20001086840F44C
:103D200000300860FFE747F20400C4F200000068BA
:103D30008003002801D4FFE7F5E743F60801C4F249
:103D4000020108680190019820F003000190019899
:103D500040F00200019001980860FFE743F6080078
:103D6000C4F2020000680007002801D4FFE7F5E76D
:103D700004B0704780B582B0009000980138B0F16F
:103D8000807F03D3FFE70120019019E000980138FC
:103D90004EF21401CEF2000108604FF0FF300F2107
:103DA000FEF778FD4EF21801CEF200010020086007
:103DB0004EF21002CEF20002072111600190FFE7DF
:103DC000019802B080BD000080B50DF0EFF880BD15
:103DD0008DB040F20670C0F60810049040F2012049
:103DE000C0F20340039000200290019043F60800C7
:103DF000C4F202000068C0F381000C900C9800909F
:103E000040B1FFE7009801280ED0FFE70098022894
:103E100014D04AE040F20401C2F2000142F2004034
:103E2000C0F2F40008604AE040F20401C2F200016E
:103E300047F64000C0F27D10086040E043F6040001
:103E4000C4F20200016801F03F010B910168C1F367
:103E500088110A91016801F44032022101EBD2314C
:103E60000891006800F4800009900998B0F5800F6F
:103E700006D1FFE747F64000C0F27D10079005E04D
:103E800042F20040C0F2F4000790FFE707980B9958
:103E9000B0FBF1F00A9948430899B0FBF1F040F209
:103EA0000401C2F20001086009E040F20401C2F21C
:103EB000000142F20040C0F2F4000860FFE743F660
:103EC0000800C4F202000068C0B20009069006991A
:103ED00001A8405C059040F20401C2F200010868AC
:103EE000059AD04008600DB07047000080B582B0E0
:103EF0004EF68851CEF20001086840F47000086068
:103F000043F60001C4F20201086840F001000860B5
:103F1000FFE743F60000C4F20200006880070028B3
:103F200001D4FFE7F5E743F60800C4F20200006899
:103F300000F00C00082840F08080FFE7FFE7002039
:103F40000190FFE701984F2805D8FFE7FFE70198A8
:103F500001300190F6E743F60801C4F20201086857
:103F60000090009820F0F0000090009840F0800051
:103F700000900098086000200190FFE701984F280A
:103F800005D8FFE7FFE7019801300190F6E743F617
:103F90000801C4F2020108680090009820F0F000C7
:103FA0000090009840F09000009000980860002079
:103FB0000190FFE701984F2805D8FFE7FFE7019838
:103FC00001300190F6E743F60801C4F202010868E7
:103FD0000090009820F0F0000090009840F0A000C1
:103FE00000900098086000200190FFE701984F289A
:103FF00005D8FFE7FFE7019801300190F6E743F6A7
:104000000801C4F2020108680090009820F0F00056
:104010000090009840F0B0000090009808600020E8
:104020000190FFE701984F2805D8FFE7FFE70198C7
:1040300001300190F6E7FFE7FFE7C82000F0AEFA95
:1040400043F60801C4F20201086820F0030008608A
:1040500043F60002C4F2020210684FF6FF73CFF677
:10406000F66318401060106820F480201060002073
:104070000860FFE743F60800C4F202000068012070
:1040800008B9FFE7F6E743F60401C4F2020143F280
:104090001000C2F20040086043F60C01C4F20201B5
:1040A0000020086007F078FF02B080BD80B54FF0B7
:1040B000804001210DF03CFB30B1FFE74FF0804024
:1040C00001210DF02BFBFFE780BD000080B582B021
:1040D00040F20040C4F2000001210DF029FBE0B3E2
:1040E000FFE740F20040C4F2000001210DF016FB92
:1040F00041F28C70C2F20100017841F2C460C2F258
:104100000100FDF769FE00200190FFE7019841F2F0
:104110008C71C2F20101097888420AD2FFE7019A44
:10412000501C019041F2C461C2F201010020885488
:10413000ECE741F28C71C2F201010020009008709E
:1041400040F20040C4F200000DF04AFA00984FF629
:10415000AA01C2F200010870FFE702B080BD0000B2
:1041600080B582B040F60040C4F2000001210DF09D
:10417000DFFAD0B3FFE740F60040C4F200000121AF
:104180000DF0CCFA41F65600C2F20100017841F27E
:104190008E70C2F20100FDF71FFE00200190FFE7C4
:1041A000019841F65601C2F20101097888420AD20B
:1041B000FFE7019A501C019041F28E71C2F2010199
:1041C00000208854ECE741F65601C2F201010020BC
:1041D00008704FF6AB01C2F20001087040F60040D3
:1041E000C4F200000DF0FCF9FFE702B080BD000052
:1041F00080B541F20040C4F2000001210DF098FAB0
:1042000050B1FFE741F20040C4F2000001210DF07F
:1042100085FAFEF787FBFFE780BD000080B58AB016
:104220000422ADF80C200021ADF80E10ADF81010EE
:104230002F200590ADF812108DF818101D2006F0F3
:104240009BFC40F20040C4F2000002900121019169
:104250000DF05AFA019902980DF060FA02980DF0EB
:10426000C9F90AB080BD000080B58EB040F60000EC
:10427000C4F2000006900DF0BFF80698602101918D
:10428000ADF81E1000210491ADF820103122ADF8D8
:104290001C2014220992ADF822108DF8281007A9CD
:1042A0000DF0B2F90499069801220592ADF82C2080
:1042B000ADF82E10ADF83010ADF83210ADF8341066
:1042C000ADF836100BAA02920CF082FE0499069803
:1042D0000A2203920DF026F8019A049906980CF030
:1042E000DBFF049A069811460DF040F8029A0599F2
:1042F00006980CF06DFE039A059906980DF012F8D9
:104300000599069870220CF0C7FF049A0599069843
:104310000DF02CF8059906980DF028FA06980CF087
:104320004DFE06980DF066F90EB080BD80B58CB0DC
:1043300004200290ADF8140000200190ADF81600A2
:10434000ADF818002F210791ADF81A008DF8200064
:1043500040F60040C4F20000049005A90DF054F9A5
:104360000199029A322006F007FC0498012103917A
:104370000DF0CAF9039904980DF0D0F904980DF0E6
:1043800039F90CB080BD000080B58AB06320ADF86B
:104390000C0000200090ADF80E00ADF810007D215B
:1043A0000591ADF812008DF8180041F20040C4F2FA
:1043B0000000029003A90DF027F90099372002228E
:1043C00006F0DAFB0298012101910DF09DF90199A7
:1043D00002980DF0A3F902980DF00CF90AB080BD17
:1043E00080B584B041F20000C4F2010040F2053112
:1043F000C0F205010EF0C6F900285CD0FFE741F2DB
:104400000000C4F20100029040F20531C0F2050143
:104410000EF0A8F902980EF0B1F88DF80F0041F2F5
:104420008D70C2F201000078002843D1FFE741F20D
:104430008C70C2F201000078C7282ADCFFE740F246
:104440002441C4F20001002008604FF6AA00C2F225
:1044500000000078C00768B9FFE74FF6AA01C2F272
:1044600000010120087040F20040C4F200000DF08D
:10447000C1F8FFE79DF80F0041F28C73C2F201030F
:104480001A78511C197041F2C461C2F201018854BA
:104490000FE041F28C70C2F201000190017841F20C
:1044A000C460C2F20100FBF7C4FE0199002008704D
:1044B000FFE7FFE7FFE704B080BD000080B584B0F0
:1044C00041F20040C4F2010040F20531C0F20501A2
:1044D0000EF058F900285CD0FFE741F20040C4F22A
:1044E0000100029040F20531C0F205010EF03AF9E8
:1044F00002980EF043F88DF80F0041F65700C2F213
:1045000001000078002843D1FFE741F65600C2F2CF
:1045100001000078C7282ADCFFE740F62441C4F2F6
:104520000001002008604FF6AB00C2F200000078E6
:10453000C00768B9FFE74FF6AB01C2F200010120E6
:10454000087040F60040C4F200000DF053F8FFE799
:104550009DF80F0041F65603C2F201031A78511C70
:10456000197041F28E71C2F2010188540FE041F6D8
:104570005600C2F201000190017841F28E70C2F241
:104580000100FBF756FE019900200870FFE7FFE7E6
:10459000FFE704B080BD0000FFE7FEE782B00190B6
:1045A00000200090FFE70098019901EB8101B0EB3A
:1045B000410F05D2FFE7FFE7009801300090F2E7D6
:1045C00002B0704780B588B0079006910798418E79
:1045D000ADF80810D0F82E0001900698D0F80E0023
:1045E0000490069880690390FFE7FFE70798C06B87
:1045F0000590FFE70598002852D0FFE70598007A5C
:104600000146009170B1FFE70098013803280BD3F1
:10461000FFE700980438032826D3FFE7009807280F
:1046200001D1FFE7FFE736E0049805994968884221
:1046300012D0FFE70498B0B9FFE7039805994968DD
:10464000884210D1FFE7069800F1080101A8062270
:10465000FBF7FAFD38B1FFE7FFE7FFE70798059999
:1046600000F0C4F8FFE716E004980599496888420D
:1046700010D1FFE7069800F1080101A80622FBF718
:10468000E3FD38B1FFE7FFE7FFE70798059900F082
:1046900009F8FFE7FFE7FFE7059800680590A9E73D
:1046A00008B080BD80B582B0019000910098007A7A
:1046B00006280BD1FFE7FFE7FFE7009800F0BEF800
:1046C0000098026901980221904717E00098007B4A
:1046D000012807DBFFE7FFE7FFE70198009900F0FB
:1046E00085F80AE0FFE7FFE701980099043102F03E
:1046F000AFF9009964200873FFE7FFE702B080BDBF
:1047000080B584B0039002910192FFE7FFE7FFE7D5
:10471000FFE7FFE7FFE7029858B1FFE7029800685C
:1047200038B1FFE7019820B1FFE70198006808B9A8
:10473000FFE728E00398C06B0090FFE7009810B3F4
:10474000FFE70098406802990968884216D1FFE7A0
:10475000029800884FF6A96188420ED1FFE70198C0
:1047600000884FF6A961884207D0FFE7FFE7FFE71F
:104770000398009900F00AF8FFE7FFE7FFE70098C9
:1047800000680090DAE704B080BD000080B584B016
:10479000039002910298007A0146019190B1FFE7DF
:1047A0000198013803280FD3FFE701980438022845
:1047B00013D3FFE70198062804D0FFE701980728E4
:1047C00002D000E0FFE70EE0029800F037F8029810
:1047D000026903980221904705E0029906200872B9
:1047E000FFE7FFE7FFE704B080BD000080B582B0BF
:1047F000019000910099487B01304873009802694C
:104800000198022190470098407B0A280ADBFFE7C5
:1048100000990720087200994FF416704881FFE74D
:10482000FFE708E0009800F009F800980269019895
:1048300001219047FFE702B080BD000081B00090E9
:10484000FFE7FFE7009820B1FFE70099002008721A
:10485000FFE7002001B0704780B58AB0089007914B
:104860008DF81B200593FFE7089858B9FFE7FFE78D
:1048700043F28830C0F601000EF020F8FFE7002078
:104880000990C3E0FFE7FFE7079858B9FFE7FFE7A4
:1048900043F2A730C0F601000EF010F8FFE7002049
:1048A0000990B3E0FFE736204FF49A714FF420727D
:1048B00006F082FA0390039828B9FFE7FFE7FFE7C5
:1048C00000200990A2E0FFE70398408980084C2867
:1048D00001D8FFE7FFE7FFE79DF81B00032805D19C
:1048E000FFE707984079032814D1FFE707988079FC
:1048F00040B9FFE740F20C01C2F200010868013044
:104900000860FFE740F20C00C2F20000006807995F
:104910000860FFE7FFE7FFE703984068029002980E
:104920004FF49A71FBF785FC0299012008700299F7
:104930004870089890F834000299887007980068C9
:1049400005F0AAF8029948609DF81B00082819D0C4
:10495000FFE79DF81B00042814D0FFE79DF81B001B
:1049600007280FD0FFE79DF81B0003280FD1FFE7B2
:1049700007984079052805D0FFE707984079042873
:1049800005D1FFE7089840680299C860FFE700205A
:10499000ADF81200FFE7BDF81200052810D8FFE7B8
:1049A0000898BDF81220104490F82E000299114486
:1049B0000877FFE7BDF812000130ADF81200EAE712
:1049C000029948F26320C6F25330C1F8EC00029815
:1049D00000F1F00100203522012300F00BF9ADF8C1
:1049E0000600BDF806000299F0319DF81B2000F08A
:1049F0002BF9ADF80600059828B1FFE7BDF80600D1
:104A000005990880FFE703980990FFE709980AB025
:104A100080BD000080B58AB009900998406A08906E
:104A200000208DF81F00FFE7FFE708990020C8610C
:104A30000898062100F086FA0998089901220DF1DC
:104A40001203FFF709FF05900598002869D0FFE7DA
:104A5000059840680390FFE7FFE7BDF8120003994F
:104A6000F0313922022300F0C5F8ADF81200BDF88C
:104A700012000399F031099A928D00F037F9ADF8E0
:104A80001200BDF812000399F0313722032300F021
:104A9000B1F8ADF8120000208DF81B00FFE79DF87B
:104AA0001B00022816D8FFE7BDF812000399F03169
:104AB0009DF81B3040F21002C2F20002D25C00F0FE
:104AC000C3F8ADF81200FFE79DF81B0001308DF828
:104AD0001B00E4E7BDF812000399F031059A00F0DD
:104AE0002BF9FFE7FFE744F22010C2F20000006854
:104AF0000599099A43F2CC2CC0F6010C6B46C3F819
:104B000004C01A6043F2D022C0F6010243230DF024
:104B10004BFBFFE7FFE7059806F052FDFFE7FFE7D5
:104B200002E0FFE7FFE7FFE708988079FE2805DC51
:104B3000FFE70899887901308871FFE70898807944
:104B4000052806DCFFE7089881790120884002905B
:104B500002E03C200290FFE702984FF47A7148434C
:104B6000ADF81C00BDF81C0000F2F31044F6D35160
:104B7000C1F2620150FB01F1480900EBD1700899C4
:104B80000881FFE7FFE79DF91F000AB080BD000024
:104B900080B584B003900398406A0290029808B9E7
:104BA000FFE725E0029840790146019180B1FFE7D7
:104BB00001980338032804D3FFE701980A2808D195
:104BC000FFE7029900208871039800F0EFF80FE0EA
:104BD0000EE0FFE7029840790D2801DBFFE7FFE7D1
:104BE000FFE70299002088710398FFF713FFFFE7A2
:104BF00004B080BD83B0ADF80A0001918DF80320A8
:104C00008DF80230FFE7BDF80A009DF80210084455
:104C10000230452801D3FFE7FFE7FFE79DF80300D7
:104C20000199BDF80A20531CADF80A3088549DF84C
:104C300002000199BDF80A20531CADF80A308854CF
:104C4000BDF80A0003B0704783B0ADF80A000191C7
:104C50008DF80320FFE7BDF80A00442801D3FFE7E1
:104C6000FFE7FFE79DF803000199BDF80A20531CF8
:104C7000ADF80A308854BDF80A0003B07047000050
:104C800083B0ADF80A0001910092FFE7BDF80A0079
:104C90000430452801D3FFE7FFE7FFE79DF8030055
:104CA0000199BDF80A20531CADF80A308854BDF8AC
:104CB00002000199BDF80A20531CADF80A3088544F
:104CC0000098000A0199BDF80A20531CADF80A307B
:104CD000885400980199BDF80A20531CADF80A3099
:104CE0008854BDF80A0003B07047000083B0ADF8E7
:104CF0000A000191ADF80220FFE7BDF80A0002307A
:104D0000452801D3FFE7FFE7FFE79DF8030001997E
:104D1000BDF80A20531CADF80A308854BDF80200D3
:104D20000199BDF80A20531CADF80A308854BDF82B
:104D30000A0003B07047000080B584B0ADF80E00E3
:104D4000029101920299BDF80E20501CADF80E00A0
:104D5000FF208854FFE7BDF80E00442807D3FFE783
:104D6000BDF80E1000208907009041B1FFE7BDF8A3
:104D70000E100020442938BF01200090FFE7009862
:104D8000C00748B1FFE70299BDF80E20501CADF8EE
:104D90000E0000208854DEE70198BDF80E10F031B7
:104DA00089B206F0F7FC04B080BD000080B58CB07D
:104DB0000B900B98406A0A90FFE7FFE70A980321DF
:104DC000049100F0BFF8049A0B980A990DF11A03A8
:104DD000FFF742FD0790079800287AD0FFE7079871
:104DE00040680590BDF81A000599F0313922022378
:104DF000FFF700FFADF81A00BDF81A000599F03171
:104E00004FF41072FFF772FFADF81A00BDF81A00E8
:104E10000599F03132220423FFF7ECFEADF81A00B9
:104E2000BDF81A0003900598F03002900A98C06906
:104E300004F032FE029902460398FFF721FFADF815
:104E40001A00BDF81A000599F03137220323FFF745
:104E5000D1FEADF81A0000208DF82300FFE79DF881
:104E60002300022816D8FFE7BDF81A000599F03193
:104E70009DF8233040F21002C2F20002D25CFFF72C
:104E8000E3FEADF81A00FFE79DF8230001308DF82E
:104E90002300E4E7BDF81A000599F031079AFFF7FF
:104EA0004BFF44F22010C2F20000006807990B9AF1
:104EB0006B461A6043F2D022C0F6010243230DF084
:104EC000EFF88DF82700079806F07AFBFFE7FFE779
:104ED00005E0FFE7FFE7FF208DF82700FFE70A98CE
:104EE0008079FE2805DCFFE70A998879013088710E
:104EF000FFE70A988079092807DCFFE70A9880799C
:104F00004FF47A714843019003E042F2107001902F
:104F1000FFE70198ADF82400BDF8240000F2F3107B
:104F200044F6D351C1F2620150FB01F1480900EB94
:104F3000D1700A990881FFE7FFE79DF927000CB0BF
:104F400080BD000082B001908DF803109DF8030031
:104F50000199497988420AD0FFE79DF80300019939
:104F6000487101990020887101990881FFE702B01A
:104F70007047000082B001908DF8031001989DF8F1
:104F8000031001EB410100EBC101086920F00100B1
:104F9000086102B07047000082B001908DF80310E4
:104FA00001989DF8031001EB410100EBC101086974
:104FB00040F00100086102B07047000083B0029029
:104FC0008DF807108DF8062002989DF8071001EB68
:104FD000410100EBC10000690090009820F0606082
:104FE00000909DF80610009840EA416000900098FB
:104FF00002999DF8072002EB420201EBC201086111
:1050000003B0704782B001908DF8031001989DF8AD
:10501000031001EB410100EBC101086920F0010020
:10502000086101989DF8031001EB410100EBC101FB
:105030000020086101999DF8032002EB420201EB78
:10504000C201486101999DF8032002EB420201EB85
:10505000C201886101999DF8032002EB420201EB35
:10506000C201C86101999DF8032002EB420201EBE5
:10507000C201086201989DF8031001EB410100EBA9
:10508000C101212048629DF80300032811DCFFE7DD
:105090009DF8031001EB4100400001F0020100EB1C
:1050A00041013D2000FA01F20199886810438860AF
:1050B00015E09DF8030004388DF803009DF80310F7
:1050C00001EB4100400001F0020100EB41013D20F5
:1050D00000FA01F20199C8681043C860FFE702B006
:1050E0007047000083B002908DF8071000929DF881
:1050F0000700032811DCFFE700989DF8072002EB6A
:105100004201490002F0020201EB420100FA01F201
:10511000029988681043886015E09DF807000438FC
:105120008DF8070000989DF8072002EB4201490026
:1051300002F0020201EB420100FA01F20299C86892
:105140001043C860FFE703B07047000084B00290CE
:105150008DF8071000929DF80700032818DCFFE780
:105160000298006800999DF8073003EB4302520053
:1051700003F0020302EB43029140084204D0FFE730
:1051800001208DF80F0020E000208DF80F001CE0BA
:105190009DF8070004388DF80700029840680099D0
:1051A0009DF8073003EB4302520003F0020302EBC9
:1051B00043029140084204D0FFE701208DF80F0020
:1051C00003E000208DF80F00FFE79DF80F0004B00A
:1051D0007047000083B002908DF80710009200988D
:1051E00080280CD0FFE7009A02989DF8071001EB89
:1051F000410100EBC1010869104308610BE0009A0E
:1052000002989DF8071001EB410100EBC101486ACB
:1052100010434862FFE703B07047000083B002907C
:105220008DF8071000929DF80700032811DCFFE7B6
:1052300000989DF8072002EB4201490002F00202AB
:1052400001EB420100FA01F202998868104388607C
:1052500015E09DF8070004388DF8070000989DF8C8
:10526000072002EB4201490002F0020201EB420179
:1052700000FA01F20299C8681043C860FFE703B062
:105280007047000083B002908DF807108DF806205B
:1052900000939DF8060050B1FFE7009802999DF831
:1052A000072002EB420201EBC201086209E000980C
:1052B00002999DF8072002EB420201EBC201C8618E
:1052C000FFE703B07047000084B003908DF80B1027
:1052D000019203989DF80B1001EB410100EBC10115
:1052E000486A20F0040048620198006803999DF81C
:1052F0000B2002EB420201EBC20188610198806839
:1053000003999DF80B2002EB420201EBC201C86138
:105310000198C06903999DF80B2002EB420201EB52
:10532000C201486103989DF80B1001EB410100EBAD
:10533000C10000690090009848F23F71CFF6FC71FF
:1053400008400090019A10699169126A40EA800051
:1053500010430143009808430090009803999DF87A
:105360000B2002EB420201EBC20108610198406888
:1053700060B9FFE703989DF80B1001EB410100EBCA
:10538000C101086940F4007008611DE0019840689F
:1053900001280CD1FFE703989DF80B1001EB4101A8
:1053A00000EBC101086920F4007008610BE003986C
:1053B0009DF80B1001EB410100EBC101086940F4BD
:1053C00000400861FFE7FFE70198C06860B9FFE7A8
:1053D00003989DF80B1001EB410100EBC101086936
:1053E00040F4806008610BE003989DF80B1001EB1E
:1053F000410100EBC101086920F480600861FFE70A
:105400000198406960B9FFE703989DF80B1001EB24
:10541000410100EBC101086940F4807008610BE0B4
:1054200003989DF80B1001EB410100EBC1010869E5
:1054300020F480700861FFE704B0704783B00290E9
:105440008DF807100092009802999DF8072002EB52
:10545000420201EBC201486103B0704783B0029081
:105460000191FFE79DF80400800708B1FFE7FFE71F
:10547000FFE7019800900298C068006800990860F2
:1054800000980299C968086003B0704783B0019022
:105490000198C06800680090009880B1FFE700980C
:1054A00000680199C9680860FFE79DF8000080075F
:1054B00008B1FFE7FFE7FFE70098029005E0FFE78C
:1054C000FFE7FFE700200290FFE7029803B0704774
:1054D00081B00020009048F20002C4F2020211687C
:1054E0000091009948F20F13CFF630531940009104
:1054F000009941F4803100910099116048F2040153
:10550000C4F20201086048F20801C4F20201086016
:1055100048F20C01C4F20201086048F21802C4F219
:1055200002021168009100994FF6417319400091F1
:10553000009941F0800100910099116048F21C012E
:10554000C4F20201086048F23C01C4F2020108689A
:1055500040F40270086048F20C11C4F202010868BD
:105560006022C0F202021043086048F21011C4F237
:105570000201086840F40310086049F21801C4F2FF
:10558000020108680090009843F62372CFF6DE020D
:1055900010400090009840F008700090009808605B
:1055A00049F20001C4F202010868009000987D22CF
:1055B000CFF600021040009046F20000C0F2C12079
:1055C00000900098086001B07047000080B582B07C
:1055D00040F21940019006F065FB019806F04EFB81
:1055E00000F0C4FE02B080BD82B0019000200090A7
:1055F00001980090FFE7009828B1FFE7FFE70098C7
:1056000001380090F7E702B07047000084B00390C3
:105610008DF80B104FF0FF3001909DF80B00014604
:105620000091052843D80099DFE801F03B370F03CC
:105630000933039840686FF35F30019038E00398B6
:105640004068C0F30C40019032E003980068C0F35A
:105650000D4001900198052817D3FFE70198043801
:10566000019048F20000C4F20200006880010028A6
:105670000AD5FFE7039800788006002804D5FFE7E5
:10568000019804300190FFE702E000200190FFE75D
:105690000EE00398806801900AE00398806801900A
:1056A00006E003980068C0F3C300019000E0FFE744
:1056B000019804B07047000089B00890002007905E
:1056C00006900590049003900898B0F5E00F1FD164
:1056D000FFE741F27060C2F2010001904FF6AC00AA
:1056E000C2F2000000900520069040F2F4500590B0
:1056F0004FF480100490019849F21001C4F20201A5
:105700000860019844F23011C2F20001086021E003
:105710004FF61800C2F2000001904DF65420C2F27C
:10572000000000900520069040F2F45005904FF0E4
:105730000040049044F2F4500390019849F20C01A7
:10574000C4F202010860019844F22C11C2F2000177
:105750000860FFE744F22411C2F200010020086053
:1057600044F22811C2F2000108600790FFE7079891
:105770000699884229D2FFE70198079900EB0110AA
:105780000290049802990860039802994860009A70
:105790000798059900FB01200299886007980699EF
:1057A0000139884208D2FFE70198079900EB011000
:1057B00010300299C86003E001980299C860FFE7C1
:1057C000FFE7079801300790D1E709B07047000064
:1057D00080B501F0EFF800F06FFF80BD85B0039059
:1057E000029100200190009044F22C10C2F20000BF
:1057F0000068C0780006002804D5FFE700208DF877
:105800001300C6E00398002868D0FFE744F22C108C
:10581000C2F20000006840780006002859D4FFE773
:1058200044F22C10C2F2000000684078C007002843
:105830004FD0FFE744F22C10C2F20000006840781D
:105840008007002845D5FFE744F22C10C2F2000083
:1058500000680068C0F30D40009000980438009084
:1058600048F20000C4F202000068800100280ED552
:10587000FFE744F22C10C2F20000006800788006B6
:10588000002804D5FFE7009804300090FFE7009857
:105890000299884204D9FFE700208DF8130078E0D0
:1058A00000200190FFE701980099884210D2FFE79D
:1058B00044F22C10C2F20000006880680199405C3C
:1058C0000399019A8854FFE7019801300190EAE7B3
:1058D00003E000208DF813005BE0FFE744F22C109A
:1058E000C2F2000001684FF00040086049F2140065
:1058F000C4F202000068000600280DD5FFE749F257
:105900001401C4F202018020086049F20801C4F2C7
:10591000020100200860FFE744F22C10C2F20000F0
:10592000006840794006002808D5FFE744F22C11B2
:10593000C2F200010868C068086026E044F22C103A
:10594000C2F2000000684079000600280BD5FFE78E
:1059500049F20C00C4F20200006844F22C11C2F2B9
:105960000001086010E044F22C11C2F20001086846
:1059700049F20002C4F20202126802F07C0200EB5B
:10598000920010300860FFE7FFE701208DF8130058
:10599000FFE79DF8130005B07047000086B0049043
:1059A00003910020029044F23010C2F2000000681F
:1059B000C0780006002804D5FFE700208DF8170006
:1059C00093E0039840F2F551884204D3FFE70020AA
:1059D0008DF8170089E00498C0B1FFE7002002901D
:1059E000FFE70298039988420FD2FFE70498029AD2
:1059F000805C44F23011C2F2000109688968885461
:105A0000FFE7029801300290EBE7FFE7039944F2C9
:105A10003010C2F20000026851600268116841F063
:105A2000405111600168086840F00040086049F288
:105A30001400C4F20200016801F004010191006841
:105A400000F020000090019818B9FFE7009878B1A5
:105A5000FFE701980099084349F21401C4F20201DA
:105A6000086049F20401C4F2020100200860FFE767
:105A700044F23010C2F2000000688078C0060028AE
:105A800008D5FFE744F23011C2F200010868C0688F
:105A9000086026E044F23010C2F20000006880780E
:105AA000800600280BD5FFE749F21000C4F202007F
:105AB000006844F23011C2F20001086010E044F2C4
:105AC0003011C2F20001086849F20002C4F2020279
:105AD000126802F07C0200EB920010300860FFE7D1
:105AE000FFE701208DF81700FFE79DF8170006B0CB
:105AF0007047000080B590B04FF4406006F0AAF8FF
:105B000040F6014006F0A6F840F6024006F0A2F882
:105B100040F6034006F09EF840F6064006F09AF87C
:105B200040F6044006F096F80020C4F2020003900C
:105B3000002109914FF48072019202F0B9F8019BA3
:105B40000398099A02210B9102F02CF9019B03980A
:105B5000099903220A9202F073F941F20E1006F03D
:105B600079F84FF4C0004FF0C06105F0ABFF4FF47F
:105B7000000006F043F90398099A0B9B194602F0BE
:105B800011F9039809990A9A0B9B02F059F90398A5
:105B9000099A0B990423029302F004F9029B0398DB
:105BA00009990A9A02F04CF90398099A0B998023F3
:105BB000049302F0F7F80398049B09990A9A02F0FB
:105BC0003FF903980B9A0B210E9102F071F8029A9B
:105BD00003980E9902F06CF80398049A0E9902F05B
:105BE00067F8099A0B9940F20040C4F2020007904E
:105BF0004FF40063059302F0D5F8059B07980999C7
:105C00000A9A02F01DF90798099A0B994FF48053EC
:105C1000069302F0C7F8069B079809990A9A02F0C2
:105C20000FF90798099A0B994FF40053089302F063
:105C3000B9F80798089B09990A9A02F001F9059AA0
:105C400007980E9902F034F8069A07980E9902F018
:105C50002FF80798089A0E9902F02AF8099A0B9BD8
:105C600040F60000C4F202000D90194602F09AF8C6
:105C700009990A9A0B9B0D9802F0E2F8099A0B9980
:105C80000D9810230C9302F08DF809990A9A0C9B39
:105C90000D9802F0D5F8099A0B990D9820230F93CF
:105CA00002F080F809990A9A0D980F9B02F0C8F843
:105CB0000B9A0D980E9901F0FBFF0C9A0D980E9916
:105CC00001F0F6FF0D980E990F9A01F0F1FF10B058
:105CD00080BD000080B58CB0ADF82C000A9109920F
:105CE0000020029008900790069005900490ADF86F
:105CF0000E008DF80D008DF80C0000F091FB80B9BE
:105D0000FFE74FF6FF70C0F28F00FFF76DFC00F069
:105D100087FB28B9FFE79DF80C008DF82F0020E3E2
:105D2000FFE7FFF7D5FBBDF82C000590059801288B
:105D300040F09C80FFE7FFE7002101220DF10E03F8
:105D4000084600F035FCBDF80E0000F00400ADF888
:105D50000E00049801300490FFE7BDF80E100020FB
:105D6000019049B9FFE704994FF6FF720020914274
:105D700038BF01200190FFE70198C0070028DBD160
:105D8000FFE704984FF6FF71884205D1FFE79DF8C1
:105D90000C008DF82F00E4E2002204924FF48050B2
:105DA000ADF80E0002200DF10E03114600F000FCCC
:105DB0008DF80D009DF80D0028B9FFE79DF80C0047
:105DC0008DF82F00CDE2FFE7002101220DF10E0337
:105DD000084600F0EDFBBDF80E0000F02000ADF825
:105DE0000E00049801300490FFE7BDF80E1000206B
:105DF000009049B9FFE704994FF6FF7200209142E5
:105E000038BF01200090FFE70098C0070028DBD1D1
:105E1000FFE704984FF6FF71884205D1FFE79DF830
:105E20000C008DF82F009CE2002104911F220DF13F
:105E30000E03084600F0BCFBBDF80E00400700282A
:105E400004D5FFE74FF40060059002E000200590C4
:105E5000FFE7BDF80E008007002801D5FFE704E04A
:105E6000059840F480400590FFE725E0059800F490
:105E70000060C008ADF80E00059800F48041BDF840
:105E80000E0040EA5100ADF80E00022000220DF194
:105E90000E03114600F08CFB8DF80D009DF80D00EF
:105EA00028B9FFE79DF80C008DF82F0059E26FF03C
:105EB0007F40FFF799FBFFE748F20001C4F20201BF
:105EC00008680890089820F4B0400890059A08984F
:105ED00010430890089808609DF8290040070028A2
:105EE0001BD5FFE748F20001C4F20201086840F444
:105EF0008060086049F21801C4F202010868089045
:105F0000089820F0806008900A9800F08062089855
:105F10001043089008980860FFE7099A48F20401C6
:105F2000C4F2020108681043086044F23810C2F25B
:105F300000000078C007C8B3FFE744F23810C2F28F
:105F400000004068079048F20001C4F202010868AE
:105F500008900798069008984FF67F72CFF6FF5288
:105F60001040089006988022C0F20022104006904F
:105F7000069A0898104308900898086049F218019A
:105F8000C4F202010868089007980690089820F06B
:105F9000C0000890069800F440700690069A089891
:105FA00040EA9200089008980860FFE744F2381031
:105FB000C2F200000078800700281AD5FFE744F2FB
:105FC0003810C2F200008068069049F20001C4F265
:105FD00002010868089008984FF6FF72CFF6FE029B
:105FE00010400890069A0898104308900898086096
:105FF000FFE744F23810C2F20000007840070028A2
:106000001AD5FFE744F23810C2F20000C0680690CB
:1060100049F20001C4F202010868089008984CF2A5
:10602000FF02CFF6017210400890069A08981043BC
:10603000089008980860FFE744F23810C2F20000A8
:1060400000780007002818D5FFE744F23810C2F2A4
:1060500000000069069049F20001C4F202010868DC
:10606000089008984CF2020290430890069A08980B
:106070001043089008980860FFE744F23810C2F215
:1060800000000078C00600281AD5FFE744F2381057
:10609000C2F200004069069049F21801C4F2020100
:1060A00008680890089843F6E772CFF6DE52104071
:1060B0000890069A08981043089008980860FFE72F
:1060C00044F23810C2F2000000788006002838D56B
:1060D000FFE744F23810C2F200008069079049F2ED
:1060E0001801C4F202010868089007980690089801
:1060F0004FF6FB72CFF6FF6210400890069804221C
:10610000C0F2001210400690069A089810430890BA
:106110000898086049F20001C4F20201086808907A
:1061200007980690089820F080000890069800F0E4
:1061300080000690069A0898104308900898086016
:10614000FFE744F23810C2F2000000784006002851
:1061500017D5FFE744F23810C2F20000C06907907B
:1061600048F21C01C4F202010868089008986FF315
:1061700010000890079A0898104308900898086043
:10618000FFE744F23810C2F2000000780006002851
:1061900034D5FFE744F23810C2F20000006A0790DD
:1061A00048F21801C4F202010868089007980690A6
:1061B00008984FF641721040089006989043069058
:1061C000069A0898104308900898086049F28001E0
:1061D000C4F202010868089007980690089820F019
:1061E00077000890069800F4EE400690069A08980A
:1061F00040EA1220089008980860FFE744F238103F
:10620000C2F200004078C00758B1FFE744F23810EE
:10621000C2F20000406A48F20801C4F202010860BC
:10622000FFE744F23810C2F20000407880070028EF
:106230000BD5FFE744F23810C2F20000806A48F242
:106240000C01C4F202010860FFE744F23810C2F208
:10625000000040784007002818D5FFE744F23810C6
:10626000C2F20000C06A079048F20401C4F20201C1
:1062700008680890089840F2DE7290430890079AE8
:1062800008981043089008980860FFE744F2381017
:10629000C2F200004078000700281AD5FFE744F258
:1062A0003810C2F20000006B079048F20001C4F2FF
:1062B00002010868089008984DF68F52CFF6FE72DA
:1062C00010400890079A08981043089008980860B2
:1062D000FFE744F23810C2F200004078C006002800
:1062E00017D5FFE744F23810C2F20000406B079068
:1062F00048F20001C4F2020108680890089820F4EE
:1063000040000890079A0898104308900898086081
:10631000FFE744F23810C2F20000407880060028FF
:1063200017D5FFE744F23810C2F20000806B0790E7
:1063300048F20001C4F2020108680890089820F4AD
:1063400060200890079A0898104308900898086001
:10635000FFE701208DF80C009DF80C008DF82F0050
:10636000FFE79DF82F000CB080BD000044F238110B
:10637000C2F200010020086048608860C8600861BF
:1063800048618861C861086248628862C8620863BF
:10639000486388637047000082B08DF80700009161
:1063A000009880889DF8071048F24002C4F202026B
:1063B0008850009800689DF8071048F24402C4F223
:1063C0000202885002B0704780B582B000208DF87C
:1063D000070040F6194005F03DFC40F61A4005F074
:1063E00039FC40F61B4005F035FCFFF7EFF800F0F4
:1063F00077FA8DF807009DF8070020B9FFE7FFE75F
:10640000FCF77CFAFCE7012000221146FFF762FC52
:1064100044F23411C2F20001086002B080BD0000F5
:1064200080B584B000208DF8010048F21000C4F25D
:10643000020000680190019820F01C0001900120EA
:1064400005F056FB0290029842F60051C0F231115D
:1064500088420DD3FFE7029840F6BF61C0F21621D3
:10646000884205D8FFE7019840F00800019060E0FD
:10647000029840F6C061C0F2162188420DD3FFE7B2
:10648000029848F2FF61C0F29331884205D8FFE7D5
:10649000019840F00C0001904AE0029848F2007127
:1064A000C0F29331884209D3FFE702984EF2FF0110
:1064B000C0F2F551884201D8FFE738E002984EF269
:1064C0000011C0F2F55188420DD3FFE702984DF25A
:1064D0007F11C0F6F001884205D8FFE7019840F02F
:1064E0000400019022E002984DF28011C0F6F00104
:1064F000884208D3FFE7029841F60041C0F64E619A
:10650000884208D3FFE7029841F60041C0F64E6189
:10651000884205D1FFE7019840F01000019004E0A7
:106520009DF801008DF80F003EE0FFE7FFE7FFE771
:10653000FFE7019848F21001C4F2020108604FF42D
:106540000040ADF80200022000220DF102031146C6
:1065500000F02EF828B9FFE79DF801008DF80F0034
:1065600022E04FF6FF70C0F20400FFF73DF8002272
:106570000DF102031046114600F01AF828B9FFE7A2
:106580009DF801008DF80F000EE0BDF80200000438
:10659000002804D4FFE701208DF80100FFE79DF8F3
:1065A00001008DF80F00FFE79DF80F0004B080BDDB
:1065B00088B08DF81F00ADF81C10ADF81A200593B7
:1065C000002002908DF8070048F21000C4F202008B
:1065D0000068049004984FF6C371884304909DF8B6
:1065E0001F00BDF81A1001F01F0140EA8110BDF82C
:1065F0001C1001F01F0140EAC1200499084340F03B
:10660000010004909DF81F00022808D1FFE70598BB
:10661000008848F21401C4F202010860FFE7049800
:1066200048F21001C4F202010860FFE748F21000CE
:10663000C4F20200006800F00100039002980130EB
:106640000290FFE703990020009051B1FFE7029804
:106650004FF6FF71C0F20401401A18BF01200090EC
:10666000FFE70098C0070028E0D1FFE748F21000DC
:10667000C4F202000068C00720B9FFE701208DF8CE
:106680000700FFE79DF81F0040B9FFE748F214003C
:10669000C4F20200006805990880FFE79DF8070032
:1066A00008B0704781B000900099486820F0004021
:1066B000486001B07047000048F20001C4F20201D6
:1066C000086840F00400086049F21801C4F20201B1
:1066D000086840F0020008607047000044F22C1087
:1066E000C2F2000002684FF000411160006840797A
:1066F0004006002830D5FFE744F22410C2F2000023
:10670000006800B3FFE744F22410C2F20000016801
:10671000C96844F22C12C2F20002116000680068DD
:1067200040B1FFE744F22411C2F20001086800689A
:10673000086007E044F22411C2F20001086810303A
:106740000860FFE707E044F22C11C2F2000108687C
:10675000C0680860FFE744E044F22C10C2F2000079
:1067600000684079000600281AD5FFE749F20C00BE
:10677000C4F20200006844F22C11C2F20001086069
:1067800044F22410C2F20000006840B1FFE744F276
:106790002411C2F20001086800680860FFE71FE0EA
:1067A00044F22C11C2F20001086849F20002C4F25E
:1067B0000202126802F07C0200EB920010300860C6
:1067C00044F22410C2F20000006840B1FFE744F236
:1067D0002411C2F20001086810300860FFE7FFE7EB
:1067E000FFE7704780B584B00020029044F22C107F
:1067F000C2F200000068006801909DF807000006E2
:10680000002803D5FFE70020039066E09DF805000F
:10681000000600280BD4FFE79DF80500C00730B143
:10682000FFE79DF805008007002805D4FFE7FFF784
:1068300055FF0120039050E09DF8040080060028D9
:106840000AD5FFE79DF80400C00728B1FFE7FFF76E
:1068500045FF0120039040E09DF807000006002856
:106860002CD4FFE79DF805000006002826D4FFE79A
:106870009DF80500C00708B3FFE79DF805008007F5
:1068800000281BD5FFE70198C0F30D400290029845
:106890000438029048F20000C4F20200006880014F
:1068A00000280AD5FFE79DF804008006002804D5DB
:1068B000FFE7029804300290FFE70BE044F2741106
:1068C000C2F20001086801300860FFF707FF0120ED
:1068D000039002E002980390FFE7039804B080BDA4
:1068E00084B0002003908DF80B0049F20001C4F23F
:1068F0000201086840F001000860FFE749F200006B
:10690000C4F20200006800F0010001900398013019
:106910000390FFE701990020009051B1FFE7039831
:106920004FF6FF71C0F20401401A18BF0120009019
:10693000FFE70098C0070028E0D1FFE749F2000018
:10694000C4F202000068C00720B9FFE701208DF8FB
:106950000B00FFE79DF80B0004B0704780B582B0D4
:10696000002000900190FFF7C5F8009844F2341120
:10697000C2F200010860FFE744F23410C2F20000E6
:10698000006818B9FFE7FFF71FFDF5E7042005F0E1
:1069900007FB012005F0ACF80190019848F21F5167
:1069A000C5F2EB11A0FB01104009FDF7E3F902B0BD
:1069B00080BD000080B548F20001C4F20201086801
:1069C00040F00800086000F009F849F21801C4F22C
:1069D0000201086840F40050086080BD84B00020C7
:1069E00002908DF8070049F21801C4F2020108680C
:1069F00040F480100860FFE749F21800C4F202007A
:106A0000006800F480100390029801300290FFE7C4
:106A100003990020009059B1FFE702994FF6FF72E9
:106A2000C0F204020020914238BF01200090FFE72D
:106A30000098C0070028DFD1FFE7039820B9FFE7DF
:106A400001208DF80700FFE79DF8070004B07047AC
:106A500080B586B005900491059800F12E03049945
:106A60006A464FF0010CC2F80CC0916043F2C62C8C
:106A7000C0F6010CC2F804C0116043F2C022C0F697
:106A80000102194600F0E2FD06B080BD80B58AB073
:106A900008908DF81F1006920A21ADF81610ADF877
:106AA0001410ADF812100020ADF81000ADF80E1063
:106AB000ADF80C00ADF80A00ADF80800ADF8100014
:106AC000FFE7BDF91000092800F3E780FFE7BDF9F3
:106AD000100000EB400144F22800C2F2000000EB7D
:106AE000C100007D8DF80700BDF912000A280BD106
:106AF000FFE79DF8070038B9FFE7FFE7FFE7BDF8BC
:106B00001000ADF81200C1E09DF80700002800F069
:106B1000BC80FFE7FFE79DF80700012806D0FFE7EC
:106B20009DF80700012801DCFFE7FFE7FFE7089871
:106B300048B3FFE708980068BDF9101001EB410267
:106B400044F22801C2F2000101EBC2014968884207
:106B500019D1FFE7069878B1FFE70698BDF9101044
:106B600001EB410244F22801C2F2000101EBC20133
:106B70008968884207D1FFE7FFE7FFE7BDF810000B
:106B8000ADF8260037E19DF80700012853D1FFE753
:106B9000BDF9100000EB400144F22800C2F20000F1
:106BA00050F8310018B3FFE7BDF9100000EB4001C9
:106BB00044F22800C2F2000000EBC100408ABDF898
:106BC0000C10884212DBFFE7BDF81000ADF80E0094
:106BD000BDF9100000EB400144F22800C2F20000B1
:106BE00000EBC100408AADF80C00FFE722E0BDF9E0
:106BF000100000EB400144F22800C2F2000000EB5C
:106C0000C100408ABDF80A10884212DBFFE7BDF8D8
:106C10001000ADF81600BDF9100000EB400144F281
:106C20002800C2F2000000EBC100408AADF80A0063
:106C3000FFE7FFE728E09DF80700022823DBFFE7D6
:106C4000BDF9100000EB400144F22800C2F2000040
:106C500000EBC100408ABDF80810884212DBFFE754
:106C6000BDF81000ADF81400BDF9100000EB4001B4
:106C700044F22800C2F2000000EBC100408AADF8E7
:106C80000800FFE7FFE7FFE7FFE7FFE7FFE7BDF8E3
:106C900010000130ADF8100013E79DF81F008007C9
:106CA00000280AD4FFE7BDF912000A280CD1FFE73B
:106CB0009DF81F00C00738B9FFE7FFE7FFE74FF671
:106CC000FF70ADF8260096E0BDF91200092807DC38
:106CD000FFE7BDF81200ADF81000FFE7FFE748E05E
:106CE000BDF91400092816DCFFE7BDF81400ADF863
:106CF0001000FFE7FFE7FFE7BDF9100000EB4001E0
:106D000044F22800C2F2000050F8310008B1FFE759
:106D1000FFE7FFE720E0BDF91600092807DCFFE7E1
:106D2000BDF81600ADF81000FFE7FFE713E0BDF96E
:106D30000E00092807DCFFE7BDF80E00ADF81000D3
:106D4000FFE7FFE706E0FFE7FFE74FF6FF70ADF86C
:106D5000260050E0FFE7FFE7FFE7BDF910000A2833
:106D600001DBFFE7FFE7FFE7BDF9100000F048F89F
:106D7000FFE7FFE7BDF910000A2801DBFFE7FFE7A7
:106D8000FFE7FFE7BDF9100000EB400144F22800E7
:106D9000C2F2000000EBC100007D08B1FFE7FFE791
:106DA000FFE7089870B1FFE708980068BDF9101078
:106DB00001EB410244F22801C2F2000101EBC201E1
:106DC0004860FFE7BDF9100000EB400044F22801E5
:106DD000C2F2000101EBC002002050820698BDF90A
:106DE000102002EB420201EBC2018860BDF81000E6
:106DF000ADF82600FFE7BDF926000AB080BD00000F
:106E000080B582B00190019800EB400144F2280067
:106E1000C2F2000050F83100B0B1FFE7FFE7FFE732
:106E2000019800EB400144F22800C2F200000090FB
:106E300050F8310004F0C4FB0099019800EB4002C7
:106E4000002041F83200FFE7019800EB400144F2D6
:106E50002800C2F2000000EBC10200211175019A66
:106E600002EB420200EBC2025182019A02EB4202A3
:106E700000EBC2029160019A02EB420200EBC202F7
:106E80005160019901EB410100EBC10143F2C620C1
:106E9000C0F6010082880A820068C86002B080BD26
:106EA00080B58CB00B900A91FFE70A9848B9FFE7CC
:106EB000FFE743F29930C0F601000BF0FFFCFFE75B
:106EC00098E0FFE70B984068099009980088B0F5B2
:106ED000807F0FD1FFE70998007906280AD1FFE7E4
:106EE00009984079042805D1FFE7099840880828C7
:106EF00006D0FFE7FFE7FFE70B9804F061FB79E0BE
:106F00000A980999FDF75EFB0998D0F80E000890E1
:106F10000998806907900A98406830B9FFE7002017
:106F20008DF81B008DF81A0012E007980A9949683D
:106F3000401AB0FA80F040098DF81B0008980A99B1
:106F40004968401AB0FA80F040098DF81A00FFE74E
:106F50000A98099901F108029DF81B1002230029E3
:106F600018BF012308A900F0CFFC0998C08801468A
:106F70000591B0F5807F05D0FFE70598B0F5007F5B
:106F80002ED030E0FFE7FFE79DF81B00E0B1FFE700
:106F90009DF81A00C0B9FFE70A9800F12E0309997D
:106FA00001F10802011DEC464FF0020ECCF80CE096
:106FB0000DF1200ECCF808E0CCF80420CCF800103D
:106FC000194600F043FB0AE00A98406818B9FFE749
:106FD000FFE7FFE702E0FFE7FFE7FFE7FFE705E086
:106FE000FFE7FFE702E0FFE7FFE7FFE70B9804F0AA
:106FF000E7FAFFE70CB080BD80B58AB00890079132
:10700000069206980290FFE7089808B9FFE7FFE7A5
:10701000FFE7FFE7079808B9FFE7FFE7FFE7FFE7AC
:10702000069808B9FFE7FFE7FFE7069800680899A8
:1070300001F046FA30B1FFE743F2C020C0F601008C
:107040000590D6E00698006800F0F000E0281AD11C
:10705000FFE701208DF80C0000208DF80D005E2068
:107060008DF80E000698407800F07F008DF80F0034
:10707000069880788DF810000698C0788DF8110079
:1070800003A80590B4E006980068089A51689268D1
:1070900010401140884214D0FFE7069800884FF650
:1070A000A96188420DD0FFE70898C06820B1FFE7CA
:1070B00008980C30029003E0FC208DF82700A7E030
:1070C000FFE744F27810C2F20000007800EB4001C4
:1070D00044F22800C2F2000000EBC100007D02284B
:1070E00031DBFFE744F27810C2F20000007800EBD9
:1070F000400144F22800C2F2000000EBC1008068A9
:10710000089988421FD1FFE70298006844F278117D
:10711000C2F20001097801EB410244F22801C2F2F7
:10712000000101EBC201496888420CD1FFE70898D1
:10713000079944F27812C2F20002127800F06CF85B
:107140008DF8270064E000208DF80700FFE79DF828
:107150000700092844DCFFE79DF8070000EB400129
:1071600044F22800C2F2000000EBC100007D0228BA
:107170002FDBFFE79DF8070000EB400144F22800F9
:10718000C2F2000000EBC10080680899884220D15B
:10719000FFE7029800689DF8071001EB410244F2F6
:1071A0002801C2F2000101EBC2014968884210D1F6
:1071B000FFE79DF8070044F27811C2F20001087061
:1071C000089807999DF8072000F026F88DF8270009
:1071D0001EE0FFE79DF8070001308DF80700B6E7D5
:1071E00008980299079A00F0B1F88DF827000FE08F
:1071F000FFE70898079900F12E02059BEE464FF431
:10720000006CCEF800C000F0BDFC8DF82700FFE751
:107210009DF927000AB080BD80B584B0039002912B
:107220008DF80720FFE79DF8070000EB400144F2CE
:107230002800C2F2000000EBC100007D012801DC43
:10724000FFE7FFE7FFE79DF8070000EB400144F28E
:107250002800C2F2000000EBC100007D02285DD1D1
:10726000FFE79DF8070000EB400144F22800C2F25E
:10727000000000EBC100408AB0F58E7F1EDDFFE705
:1072800003989DF8071001EB410244F22801C2F275
:10729000000101EBC201043100F05AFA68B9FFE7BE
:1072A0009DF8070000EB400144F22800C2F2000004
:1072B00000EBC10103200875FFE72EE09DF80700F1
:1072C00000EB400144F22800C2F2000000EBC100D4
:1072D000408AB0F5877F1FDBFFE703989DF8071012
:1072E00001EB410244F22801C2F2000101EBC202AB
:1072F000111D0C3200F03CFA68B9FFE79DF8070059
:1073000000EB400144F22800C2F2000000EBC10192
:1073100003200875FFE7FFE7FFE7FFE703980299FF
:1073200000F12E029DF8073003EB430C44F22803D2
:10733000C2F2000303EBCC030C33EE464FF4006CB7
:10734000CEF800C000F01EFC04B080BD80B58CB04B
:107350000A90099108920A982E300790FF208DF824
:107360001B0000200590099800680A9901F0A8F810
:1073700070B9FFE70998006800F0F000E02807D036
:10738000FFE7099820B1FFE70998006830B9FFE7E7
:10739000FFE7FFE7F0208DF82F0052E109980A9AE5
:1073A0000121FFF773FBADF81200BDF91200B0F137
:1073B000FF3F0DDCFFE7FFE7FFE7089818B1FFE7A5
:1073C000FFE7FFE7FFE79DF812008DF82F0038E197
:1073D000FFE7BDF912007F2801D3FFE7FFE7FFE7D2
:1073E0009DF812008DF811009DF8110000EB40018E
:1073F00044F22800C2F2000000EBC100007DB0B9E9
:10740000FFE7012005909DF8111001EB410244F2C5
:107410002801C2F2000101EBC20210750A989DF822
:10742000112002EB420201EBC2018860FFE7FFE797
:107430009DF8110000EB400144F22800C2F2000068
:1074400000EBC100007D01280FD0FFE79DF811007F
:1074500000EB400144F22800C2F2000000EBC10042
:10746000007D012801DCFFE7FFE7FFE7059818B979
:10747000FFE70898A8BBFFE70A98099900F068F9A8
:107480008DF81B009DF91B0008B1FFE720E09DF877
:10749000110000EB400144F22800C2F2000000EBB2
:1074A000C100007D012812D1FFE7059878B9FFE7F8
:1074B000FFE7FFE79DF8110000EB400144F22800D0
:1074C000C2F2000000EBC10100204882FFE7FFE7A5
:1074D000089828B9FFE79DF81B008DF82F00B0E051
:1074E000FFE7FFE7089808B9FFE7FFE7FFE79DF828
:1074F000110000EB400144F22800C2F2000000EB52
:10750000C100007D02281FDBFFE79DF8110044F257
:107510007811C2F2000108700A980899079A9DF83C
:10752000113003EB430C44F22803C2F2000303EBD7
:10753000CC030C33EE464FF4006CCEF800C000F0E4
:1075400021FB8DF81B0077E09DF8110000EB400156
:1075500044F22800C2F2000000EBC100007D0128C7
:1075600069D1FFE70020029008980390FFE7039895
:10757000D0B1FFE7FFE7039948890989884205D11F
:10758000FFE70398006808B1FFE7FFE7FFE703980C
:10759000007B4006002803D5FFE70120029003E0AE
:1075A000039800680390E2E7029840B1FFE7089A69
:1075B0000E204FF4207103F0F7FD039005E00898CA
:1075C0000390039804F066F9FFE7039860B3FFE7C0
:1075D0009DF8110000EB400144F22800C2F20000C7
:1075E00050F8310078B1FFE7FFE7FFE79DF81100A1
:1075F00000EB400144F22800C2F2000050F83100D4
:1076000003F0DEFFFFE703989DF8111001EB410244
:1076100044F22801C2F2000141F8320000208DF846
:107620001B00FFE7FFE705E0FFE7FFE7FF208DF81E
:107630001B00FFE7FFE7FFE79DF81B008DF82F0019
:10764000FFE79DF92F000CB080BD000080B58AB027
:1076500084460F98DDF838E0DDF834E0DDF830E0FE
:10766000CDF820C0079106920593ADF812000020D6
:107670008DF80B00FFE7089808B9FFE7FFE7FFE781
:107680000E201C214FF4207203F096FB0390039808
:1076900030B9FFE7FFE7FFE7FF208DF8270053E051
:1076A000FFE7039840891B2801DCFFE7FFE7FFE7BE
:1076B000039840680190FFE7FFE7BDF8120002F071
:1076C000FBF90199C880FFE7089890F83400062874
:1076D00001D0FFE7FFE7FFE70199059882888A81DB
:1076E0000068886001990D988288CA820068C1F894
:1076F000120001990C980068C1F80E0001990E98CB
:107700000068886101994FF4807008800199082011
:107710004880019906200871019904204871089851
:107720000399079A069BEE4640F6060CCEF800C079
:1077300000F028FA039803F043FF002003909DF81F
:107740000B008DF82700FFE79DF927000AB080BDE8
:1077500080B582B001900091FFE7FFE701980099A2
:1077600043F2C022C0F6010200F002F802B080BD70
:1077700010B588B0079006910592079800F12E0386
:10778000059A011DDDF818E0EC460124CCF80C4008
:10779000CCF808E043F2C62EC0F6010ECCF804E0A7
:1077A000CCF800101946FFF751FF08B010BD0000DB
:1077B00080B582B0FFE7FFE700200190FFE7019866
:1077C000092800F39F80FFE7019800EB400144F295
:1077D0002800C2F2000000EBC100007D8DF803001C
:1077E0009DF80300002800F08880FFE7019800EB77
:1077F000400144F22800C2F2000000EBC102518AAD
:1078000001315182019901EB410100EBC100408A35
:10781000B0F5967F1ADAFFE7019800EB400144F2D9
:107820002800C2F2000000EBC100007D012813D146
:10783000FFE7019800EB400144F22800C2F200008B
:1078400000EBC100408A052806DBFFE7FFE7FFE702
:107850000198FFF7D5FA4FE0019800EB400144F2A0
:107860002800C2F2000000EBC100007D03280CD10B
:10787000FFE7019800EB400144F22800C2F200004B
:1078800000EBC1010420087535E0019800EB4001D0
:1078900044F22800C2F2000000EBC100007D042881
:1078A0000CD1FFE7019800EB400144F22800C2F23E
:1078B000000000EBC101022008751BE0019800EBFD
:1078C000400144F22800C2F2000000EBC100007D3C
:1078D00001280ED1FFE7019800EB400144F2280097
:1078E000C2F2000000EBC10188680431FFF730FFED
:1078F000FFE7FFE7FFE7FFE7FFE7FFE7019801305A
:1079000001905CE702B080BD80B588B0069005911B
:1079100004928DF80F30FFE7069890F8340006289F
:1079200001D0FFE7FFE7FFE7FFE7FFE7059890B12A
:10793000FFE70598006870B1FFE7059800680699B1
:1079400000F0BEFD38B9FFE70598006800F0F000D0
:10795000E02806D1FFE7FFE7FFE7F0208DF81F00E2
:107960006DE005989DF80F10069AFFF78FF8ADF8B7
:107970000C00BDF90C00B0F1FF3F05DCFFE79DF8FE
:107980000C008DF81F005AE0BDF90C0000EB400020
:1079900044F22801C2F2000101EBC002022010757E
:1079A0000698BDF90C2002EB420201EBC20188608F
:1079B000FFE7FFE7BDF90C0000EB400144F22800AF
:1079C000C2F2000000EBC10204998B88138209689F
:1079D000D160BDF90C1001EB410100EBC1020021A7
:1079E0005182BDF90C1001EB410150F8310010B388
:1079F000FFE7BDF90C0000EB400044F22801C2F2A1
:107A0000000151F830000290BDF90C0000EB40027B
:107A1000002041F832000698029900F12E02049BE2
:107A2000EE464FF4006CCEF800C000F0ABF80298C0
:107A300003F0C6FDFFE700208DF81F00FFE79DF96A
:107A40001F0008B080BD000080B586B0049003918F
:107A50000E20ADF80400049840890E2801DCFFE7F1
:107A600084E0049840680290FFE7FFE7029880896D
:107A7000ADF806000498C07B38B9FFE7039890F88A
:107A8000380001300499C873FFE702980078C007F6
:107A900038B3FFE702980078012810D1FFE7029879
:107AA000407858B9FFE7029880785E2806D1FFE752
:107AB0000499487B40F010004873FFE710E00298FB
:107AC00043F2C021C0F601010622F8F7BDFB30B930
:107AD000FFE70499487B40F008004873FFE7FFE7A1
:107AE000FFE7BDF8060001460091082805D0FFE732
:107AF0000098B0F5C16F1AD033E0039890F83500C4
:107B00000007002801D4FFE730E00498BDF8041016
:107B100003F0D6FE28B1FFE7FFE7FFE7FFE7FFE747
:107B200024E00498039900F071FEFFE71AE003983F
:107B300090F835000007002801D4FFE716E004980C
:107B4000BDF8041003F0BCFE28B1FFE7FFE7FFE734
:107B5000FFE7FFE70AE004980399FFF7A1F9FFE7C1
:107B600000E003E000208DF8170006E0049803F021
:107B700027FD00208DF81700FFE79DF9170006B0DC
:107B800080BD000080B588B084460A98CDF818C042
:107B9000059104920393ADF80A00BDF80A0001F0C4
:107BA0008BFFADF8020005980E2103F087F808B1AD
:107BB000FFE725E0059840680190BDF802000199B3
:107BC00088810199039882888A80006808600199F9
:107BD000049882884A810068C1F80600FFE7069889
:107BE00090F83400062801D0FFE7FFE7FFE7FFE742
:107BF000FFE706988269059990478DF81F0005E018
:107C0000FFE7FFE7FE208DF81F00FFE79DF91F004B
:107C100008B080BD80B582B00190FFE7019808B937
:107C2000FFE7FFE7FFE70199472081F83600019958
:107C3000442081F83700019946F6F970C0F600003B
:107C40004861019949F61120C0F600008861019849
:107C500001F048FE002002B080BD000080B584B075
:107C60000290029801F08EFE0090009820B9FFE784
:107C7000FF208DF80F0016E002990A6900989047DE
:107C80008DF807009DF9070040B1FFE7FFE7FFE728
:107C9000009803F095FC00200090FFE79DF8070096
:107CA0008DF80F00FFE79DF90F0004B080BD0000C4
:107CB00086B00590049103920598006A019005989A
:107CC000406A00900020ADF80A00FFE7BDF80A0006
:107CD000072821D8FFE7BDF80A100398C840C0075D
:107CE00098B1FFE7BDF80A0081000F2000FA01F10A
:107CF0000198884301900498BDF80A10890000FAA1
:107D000001F1019808430190FFE7FFE7BDF80A0081
:107D10000130ADF80A00D9E70820ADF80A00FFE706
:107D2000BDF80A000F2825D8FFE7BDF80A10039810
:107D3000C840C007B8B1FFE7BDF80A006FF01F01E7
:107D400001EB80020F2000FA02F2009890430090AD
:107D50000498BDF80A2001EB820100FA01F10098B5
:107D600008430090FFE7FFE7BDF80A000130ADF8D7
:107D70000A00D5E7019805990862009805994862BC
:107D800006B0704782B00190009100980199886216
:107D900002B0704782B0019000910098019988610B
:107DA00002B0704787B0069005910492039306983D
:107DB000006801900698C06800900020ADF80A00A5
:107DC000FFE7BDF80A000F2832D8FFE7BDF80A1018
:107DD0000398C840C00720B3FFE7BDF80A00410080
:107DE000032000FA01F20199914301910599BDF830
:107DF0000A20520001FA02F2019911430191BDF8E3
:107E00000A10490000FA01F1009888430090049894
:107E1000BDF80A10490000FA01F1009808430090EB
:107E2000FFE7FFE7BDF80A000130ADF80A00C8E738
:107E300001980699086000980699C86007B07047D5
:107E400086B005908DF81310039202939DF81300ED
:107E5000012806D1FFE7029A059948681043486057
:107E600005E0029A0599486890434860FFE7059845
:107E7000806800900020ADF80600FFE7BDF806001E
:107E80000F2821D8FFE7BDF806100298C840C007A8
:107E900098B1FFE7BDF806004100032000FA01F1A8
:107EA0000098884300900398BDF80610490000FA36
:107EB00001F1009808430090FFE7FFE7BDF80600D6
:107EC0000130ADF80600D9E700980599886006B042
:107ED0007047000080B582B001908DF803100198C2
:107EE0009DF80320032100F07DF902B080BD000061
:107EF00080B590B00F900E9144F2D410C2F2000001
:107F000080680B900B98007800F00F008000ADF8AF
:107F10002A00BDF82A00132803DCFFE7FFE7FFE78C
:107F200055E10F984089032803D8FFE7FFE7FFE7F3
:107F30004DE10F98406800788DF837000F98406841
:107F400040788DF836009DF837000146059120B144
:107F5000FFE70598082801D0F4E034E144F2D4109A
:107F6000C2F2000000F114010991406900F0F00034
:107F7000E02803D1FFE7FFE7FFE72CE144F2D4104C
:107F8000C2F200000168406900F09AFA18B1FFE7F8
:107F9000FFE7FFE71FE1FFE7FFE70F9800890728EA
:107FA00003D8FFE7FFE7FFE711E10F9800F0B4F90E
:107FB00030B1FFE7FFE7FFE70F9803F001FB0EE1A9
:107FC0000F98BDF82A100E3102F078FE002853D029
:107FD000FFE70F980089BDF82A100844ADF81E008D
:107FE000BDF81E000F990989884203DAFFE7FFE711
:107FF000FFE7F0E0BDF81E100E204FF4207202F0F3
:10800000DBFE0890089818B9FFE7FFE7FFE7E2E01A
:1080100008984089BDF82A100831884206D2FFE747
:10802000FFE7FFE7089803F0CBFAD4E00898406830
:108030000B99BDF82A20F8F7D5F80898BDF82A1052
:1080400003F03EFC30B1FFE7FFE7FFE7089803F0DD
:10805000B7FAC0E008980F9903F0D0F830B1FFE705
:10806000FFE7FFE7089803F0ABFAB4E00F9803F0DE
:10807000A7FA08980F900BE00F98BDF82A100E3160
:1080800003F01EFC18B1FFE7FFE7FFE7A3E0FFE7FF
:108090000F9840680C900F98BDF82A1002F00EFE61
:1080A00018B1FFE7FFE7FFE74BE00F984068069045
:1080B000099800680699C86044F2D410C2F2000022
:1080C0000069069908610C99002008700C98408896
:1080D0004FF6F871884205DBFFE70C9948880930B4
:1080E000488004E00C99488808304880FFE70699EA
:1080F000FF2004900872069900200390488106989A
:10810000BDF82A1000F0F8F8039A049B06994881FC
:108110000F980999DDF838E0EC46CCF808E04FF00C
:10812000010ECCF804E0CCF8002000F04DFD8DF8F5
:108130001D009DF91D0018B1FFE7FFE7FFE7FFE70E
:10814000FFE740E09DF83700032801D1FFE737E063
:108150009DF837000B2801D1FFE730E09DF837008C
:108160000C2801D1FFE729E09DF83700042801D150
:10817000FFE722E09DF83700052801D1FFE71BE06B
:108180009DF837000D2801D1FFE714E09DF8370076
:108190000E2801D1FFE70DE09DF83700112801D12D
:1081A000FFE706E09DF83700122801D1FFE7FFE75F
:1081B000FFE7FFE7FFE7FFE7FFE7FFE7FFE7FFE78F
:1081C000FFE7FFE7FFE70F9803F0FAF907E00F98E2
:1081D00003F0F6F903E00F9803F0F2F9FFE710B0AF
:1081E00080BD000080B58CB00B908DF82B108DF801
:1081F0002A201C20ADF812000B980089BDF812103F
:10820000884205DAFFE70B980089ADF81200FFE716
:10821000BDF81200083081B222204FF4207202F023
:10822000CBFD0990099818B9FFE7FFE7FFE752E097
:10823000FFE709984089BDF812100831884201D241
:10824000FFE7FFE7FFE70B9840680890FFE7FFE7CD
:10825000FFE7FFE7FFE7FFE7FFE7FFE7FFE7FFE7EE
:108260000998406807909DF82B00079908709DF8C1
:108270002A000799487007990020486009980B99CF
:10828000BDF81220082303F07BF80898C068069018
:1082900006A800F06FFF05900598C0B1FFE70799A9
:1082A00000200390488007980999498900F024F834
:1082B0000399079A50800998059B6A4693600123A9
:1082C0005360116006AAFF2300F07EFCFFE70998C7
:1082D00003F076F9FFE70CB080BD000080B582B0F6
:1082E00001908DF8031001989DF803200B21FFF7F2
:1082F00079FF02B080BD000080B582B00190ADF87A
:1083000002100198BDF8021001F022FC4FF6FF7137
:10831000484002B080BD000080B584B003900020CA
:108320000090029003980190FFE7019810B3FFE7D7
:1083300001994868498901F00BFC014602980844FC
:1083400002900299080C10FA81F00290019840897D
:10835000C00750B1FFE70098B0FA80F040090090E4
:10836000029800BA000C0290FFE7FFE7019800684E
:108370000190DAE7009828B1FFE7029800BA000CF4
:108380000290FFE7BDF808004FF6FF71484004B0C7
:1083900080BD000080B586B0DDF820C005908DF866
:1083A0001310ADF810200393039800680190BDF8F6
:1083B000040002900298BDF8061008440290089844
:1083C000006801900298BDF80410084402900298D9
:1083D000BDF80610084402900299080C10FA81F0CA
:1083E00002900299080C10FA81F0029005989DF80D
:1083F0001310BDF81020029B00F002F806B080BDFB
:1084000080B586B005908DF81310ADF81020039359
:108410000020019005980290FFE7029820B3FFE743
:10842000FFE7FFE702994868498901F091FB01469F
:108430000398084403900399080C10FA81F0039004
:1084400002984089C00750B1FFE70198B0FA80F068
:1084500040090190039800BA000C0390FFE7FFE782
:10846000029800680290D8E7019828B1FFE70398C6
:1084700000BA000C0390FFE79DF8130001F01CFB0D
:108480000146039808440390BDF8100001F014FB66
:1084900001460398084403900399080C10FA81F0F0
:1084A00003900399080C10FA81F00390FFE7FFE7AF
:1084B000BDF80C004FF6FF71484006B080BD0000CB
:1084C00084B002900191029800900298013018B196
:1084D000FFE7029820B9FFE701208DF80F002DE09B
:1084E000019890F835008007002804D4FFE70020A9
:1084F0008DF80F0022E0029801994968884204D162
:10850000FFE700208DF80F0018E00098019A5168ED
:1085100092681040114088420CD1FFE702980199FF
:108520008A68D1439043884204D1FFE701208DF847
:108530000F0003E000208DF80F00FFE79DF80F000B
:1085400004B0704780B594B0129011911092002041
:10855000ADF836001198808D143800EB5070C008CB
:10856000ADF82A001420ADF81E00129949680C914C
:108570000C990B910B99097801F00F01B0EB810F69
:1085800004D0FFE7FA208DF84F003BE1FFE7129897
:10859000408913280CDCFFE7FFE743F2C530C0F643
:1085A00001000AF08BF9FFE7FA208DF84F0029E16E
:1085B000FFE70B98C08801F07FFAADF81C00BDF80A
:1085C0001C006FF35F30ADF82400BDF81C0000F410
:1085D00000500690129800891438ADF82800FFE783
:1085E000BDF82800002800F00581FFE7BDF828004D
:1085F000BDF82A10C90089B2884204DAFFE7BDF845
:108600002800039005E0BDF82A00C00080B2039066
:10861000FFE70398ADF826000E2014214FF42072D6
:1086200002F0CAFB0F900F9808B9FFE7E6E0FFE7FA
:108630000F984089132801DCFFE7FFE7FFE70F9859
:1086400040680C991422F7F7CDFD0F9840680B9005
:10865000BDF82600ADF83400FFE7BDF8340000286F
:1086600075D0FFE712984089BDF81E10401AADF88A
:108670001200FFE712984089BDF81E10884201DA07
:10868000FFE7FFE7FFE7BDF83400BDF812108842AE
:1086900004DAFFE7BDF83400029003E0BDF81200F1
:1086A0000290FFE70298ADF83600BDF8360038B901
:1086B000FFE70020ADF81E00129800681290CCE78A
:1086C00000F004FE0590059820B9FFE70F9802F02E
:1086D00077FF93E0BDF83610059B12984068BDF80F
:1086E0001E2010446A46516010600020412202F0B2
:1086F000A5FC0E900E9838B9FFE7059800F0ECFD48
:108700000F9802F05DFF79E0129803F0C3F8129819
:1087100005994861059949F6A100C0F60000086175
:108720000F980E9902F0D6FCBDF83400BDF8361053
:10873000401AADF83400BDF8340038B1FFE700202E
:10874000ADF81E00129800681290FFE785E7BDF8AB
:108750001E00BDF836100844ADF81E00BDF8281004
:108760001198808DA0F1140200209142D8BF012001
:108770000890BDF824006FF35F30ADF81C00089836
:1087800018B1FFE7069838B1FFE7BDF81C0040F4C8
:108790000050ADF81C00FFE7BDF81C0001F08CF99B
:1087A0000B99C880BDF82600143080B201F084F91E
:1087B0000B9948800B99002048810B981421FFF7F2
:1087C0009BFD0B994881119843690F99109A98471E
:1087D0000F9802F0F5FEBDF82800BDF82610401AEB
:1087E000ADF82800BDF82400BDF82A100844ADF803
:1087F0002400F5E600208DF84F0003E0FF208DF8FF
:108800004F00FFE79DF94F0014B080BD80B58AB0DE
:1088100008900791012003900898406806900698F8
:1088200001780420B0EB111F09D0FFE7FFE7FFE755
:10883000089802F0C5FE00208DF8270089E106980F
:10884000007800F00F008000ADF812000698408814
:1088500001F032F9ADF81000BDF81000089909894F
:10886000884206DAFFE70898BDF8101002F092FF80
:10887000FFE7BDF812000899498988420CDCFFE740
:10888000BDF8100008990989884205DCFFE7BDF8AA
:108890001200132823DCFFE7BDF81200132803DCC5
:1088A000FFE7FFE7FFE7FFE7BDF8120008994989F6
:1088B000884203DDFFE7FFE7FFE7FFE7BDF81000B1
:1088C00008990989884203DDFFE7FFE7FFE7FFE733
:1088D000089802F075FE00208DF8270039E106980F
:1088E000BDF81210FFF708FD48B1FFE7FFE7FFE70B
:1088F000089802F065FE00208DF8270029E106980F
:10890000016944F2D410C2F2000041610699C968BD
:108910000161406900F0F000E02817D1FFE70798F7
:1089200090F83500C00718B1FFE7012018B909E039
:10893000012038B9FFE70798406818B1FFE70798AA
:10894000059002E000200590FFE72FE0079800F077
:1089500005F918B1FFE70798059026E0002005907B
:1089600044F2D410C2F20000007D7F281CD0FFE743
:1089700048F61C20C2F2000000680590FFE7059849
:1089800088B1FFE705980799884201D1FFE706E023
:10899000059800F0E3F808B1FFE704E0FFE7059869
:1089A00000680590EBE7FFE7FFE7FFE70598D8B918
:1089B000FFE70698407A112815D1FFE70698BDF821
:1089C000121008440290FFE7FFE702984088B0F5D4
:1089D000884F07D1FFE7FFE7FFE7079805900020E2
:1089E0000390FFE7FFE7FFE7039828B3FFE744F2B0
:1089F000D410C2F200000069F0B1FFE744F2D410D5
:108A0000C2F2000000690799FFF75AFD50B9FFE76D
:108A100044F2D410C2F20000006900F0F000E02837
:108A200009D1FFE7FFE7FFE7089802F0C9FD002042
:108A30008DF827008DE0FFE7059848B9FFE7FFE7CD
:108A4000FFE7089802F0BCFD00208DF8270080E0C9
:108A50000698C0886FF0C001084211D0FFE7FFE719
:108A6000FFE7089800F0DCF90890089820B9FFE7C4
:108A700000208DF827006CE0089840680690FFE71A
:108A8000FFE7FFE7FFE7FFE7059844F2D411C2F2E2
:108A9000000108600798486006988860069800788A
:108AA00000F00F00800088810898BDF8121002F0D5
:108AB00007FF0698407A01460191012812D0FFE78E
:108AC0000198062809D0FFE7019811280FD1FFE788
:108AD0000898079908F056FF2DE00898079904F0C8
:108AE000B1F828E008980799FFF702FA23E044F26A
:108AF000D410C2F2000040690599FFF7E1FCA0B96B
:108B0000FFE744F2D410C2F20000406900F0F00028
:108B1000E0280AD0FFE70898BDF9121002F0D8FD4E
:108B200008980221FFF7D6F9FFE7FFE7FFE708986B
:108B300002F046FDFFE744F2D411C2F2000100202A
:108B40000860486088608881086148618DF8270066
:108B5000FFE79DF927000AB080BD000080B582B014
:108B60000090FFE7FFE7009890F83500C00718B1C4
:108B7000FFE7012018B920E00120F0B9FFE70098D5
:108B80004068D0B1FFE744F2D410C2F2000040695F
:108B90000099496888420AD0FFE744F2D410C2F233
:108BA000000040690099FFF78BFC28B1FFE7FFE761
:108BB000FFE70120019003E0FFE700200190FFE7BD
:108BC000019802B080BD0000B0B588B08C468646E2
:108BD0000E980D980C99CDF81CE0CDF818C00592B0
:108BE0008DF813308DF812108DF81100069803904F
:108BF000059860B1FFE7069820B1FFE70698006886
:108C000020B9FFE70E9804300390FFE7FFE70798CD
:108C10000399059A9DF813309DF812C09DF81140F4
:108C20000E9DEE46CEF80850CEF80440CEF800C0B7
:108C300000F002F808B0B0BD10B58AB08C46864688
:108C40000E980D980C99CDF820E0CDF81CC0069236
:108C50008DF817308DF816108DF815000020029051
:108C6000FFE70898807B012801D0FFE7FFE7FFE7D7
:108C70000698002800F09C80FFE71421ADF806104C
:108C8000089802F01BF830B1FFE7FFE7FFE7FE208E
:108C90008DF82700BFE0089840680490FFE7089827
:108CA0004089132801D8FFE7FFE7FFE79DF8170089
:108CB000049908729DF81500049948729DF81500F2
:108CC0009DF8171040EA012001BA029800EB3140EC
:108CD000029006980068049908610498018A029835
:108CE000084402900498418A029808440290BDF812
:108CF0000610402040EA9100049908709DF8160083
:108D0000049948709DF816000499097840EA0120FA
:108D100001BA029800EB314002900898008900F0F7
:108D2000CBFE049948800498418802980844029038
:108D300004990020C88044F2EC10C2F200000090B8
:108D4000008800F0B9FE0099049A90800498828807
:108D5000029810440290088801300880079840B9B2
:108D6000FFE743F2CC20C0F6010000680499C86018
:108D700004E0079800680499C860FFE704988189B7
:108D80000298084402900498C1890298084402900D
:108D90000299080C10FA81F00290029800EB104042
:108DA00002900298C043029002980499488113E00F
:108DB00008984089132806DCFFE7FFE7FFE7FE205D
:108DC0008DF8270027E0089840680490049800690F
:108DD000039003A80690FFE7FFE7FFE70E98808D5A
:108DE00078B1FFE7089800890E99898D884208DDDF
:108DF000FFE708980E99069AFFF7A4FB8DF8270065
:108E000009E0FFE7FFE70E9843690899069A98473B
:108E10008DF82700FFE79DF927000AB010BD00007C
:108E200080B58EB00C900C9840680A900A98007833
:108E300000F00F011420B0EB810F03D0FFE7FFE734
:108E4000FFE78CE10A98C08800F036FEC000ADF85C
:108E50001E000A98408800F02FFEADF81C000A980A
:108E6000007800F00F0080008DF819009DF81900BF
:108E7000BDF81C10884201DDFFE770E1BDF81C0061
:108E80009DF81910401AADF81C000C9802F076F904
:108E9000ADF81A0044F2EE10C2F200000088BDF8EE
:108EA0001A1008440B2816DBFFE70A98BDF81A10C1
:108EB00000F07AFC58B1FFE744F2EE10C2F2000075
:108EC0000088BDF81A1008440B2803DBFFE7FFE712
:108ED000FFE744E1FFE74DF64420C2F200000068DE
:108EE0000990FFE7099818B3FFE7099840690A99C4
:108EF000C968884211D1FFE7099880690A99096910
:108F000088420AD1FFE7099880890A9989888842AE
:108F100003D1FFE7012018B905E0012018B9FFE7E8
:108F2000FFE7FFE704E0FFE7099800680990D9E749
:108F3000099858B9FFE70A98BDF81A1000F052FBDB
:108F40000990099808B9FFE709E115E00A98C08877
:108F500000F0B2FDC00470B9FFE70998C08900F0C5
:108F6000ABFDC00438B1FFE7099808300A99142214
:108F7000F7F738F9FFE7FFE70A98C08800F020010B
:108F8000012080EA511004900498B8B1FFE7BDF8C1
:108F90001E00BDF81C100844ADF80E00BDF80E0010
:108FA000BDF81E10884207DBFFE7BDF80E004FF644
:108FB000EC71884201DBFFE7B5E0FFE709980C9907
:108FC000049A00F099F905900598013008B9FFE777
:108FD000A9E044F2EE11C2F200010888BDF81A209F
:108FE00010440880049898B1FFE7BDF81E00BDF852
:108FF0001C100844ADF80C00BDF80C0009998883DA
:109000000999887F40F001008877FFE7FFE7FFE7D5
:109010000598012840F08280FFE70998808B143082
:10902000ADF8060009984068406800680B90099800
:10903000406840680A900A98099908311422009201
:10904000F7F7D0F8BDF8060000F036FD00990A9A4F
:1090500050800A9A0020D0800A9A50810A98FFF71F
:109060004BF90A994881099840680C90FFE70B98E2
:1090700078B1FFE70B98406808900B98142102F034
:109080001FFC0C980B9902F025F8089800680B90CB
:10909000EDE709984DF64421C2F2000109688842C3
:1090A00003D1FFE70020029016E04DF64420C2F203
:1090B000000000680290FFE7029860B1FFE70298A5
:1090C00000680999884201D1FFE704E0FFE70298B0
:1090D00000680290F0E7FFE70998029900F05CFA57
:1090E0000C9802F04BF8ADF81A00FFE744F2EE10CE
:1090F000C2F200000088BDF81A10884201DAFFE7CA
:10910000FFE7FFE744F2EE11C2F200010888BDF864
:109110001A20801A08800C980D9028E0FFE7FFE7DE
:1091200000200D9023E0FFE7099808B9FFE7FFE76B
:10913000FFE70998406888B9FFE7FFE709984DF60F
:109140004421C2F200010968884201D0FFE7FFE72D
:10915000FFE70998002100F01FFAFFE7FFE7FFE7AC
:10916000FFE70C9802F02CFA00200D90FFE70D9815
:109170000EB080BD83B0019048F61C20C2F2000002
:1091800000680090FFE70098002841D0FFE70098B2
:1091900090F83500C00718B1FFE7012018B932E098
:1091A000012080BBFFE7009890F8350040070028B9
:1091B00003D5FFE7012018B925E0012018BBFFE720
:1091C00000984068F8B1FFE701980068009A51687C
:1091D000926810401140884203D1FFE70098029046
:1091E00057E0009890F83500800700280AD4FFE780
:1091F000019800680099C968884203D1FFE7009888
:10920000029046E0FFE7FFE7009800680090BAE7A9
:1092100048F61820C2F20000006870B3FFE748F675
:109220001820C2F20000006890F83500C00718B19D
:10923000FFE7012018B920E00120F0B9FFE748F668
:109240001820C2F20000006890F83500400700289E
:1092500003D5FFE7012018B90FE0012068B9FFE747
:1092600048F61820C2F200000068406828B1FFE705
:10927000019800787F2805D1FFE7FFE7FFE700208E
:10928000029006E048F61820C2F200000068029042
:10929000FFE7029803B0704780B584B0DDF818C0CE
:1092A00003908DF80B10ADF80820019303989DF8FA
:1092B0000B10BDF80820019BDDF818C0EE46CEF873
:1092C00000C0FFF767F804B080BD000080B505203E
:1092D00001F05CF980BD000080B582B00190FFE72D
:1092E000019808B9FFE7FFE7FFE70199052001F0C2
:1092F000DDF802B080BD000080B58CB00A90099105
:109300000892002005900120009009984068019083
:109310000198408800F0D0FBADF80C00019800786F
:1093200000F00F0080008DF80B009DF80B00BDF8D9
:109330000C10884204DDFFE74FF0FF300B9027E16F
:10934000BDF80C009DF80B10401AADF80C00019808
:10935000C08800F0B1FBC000ADF80E00FFE7FFE7EA
:10936000099840680790079900200860BDF80E0032
:1093700007998880BDF80E00BDF80C1008440799C5
:10938000C8800798C088BDF80E10884204DAFFE74D
:109390004FF0FF300B90FBE00A9840680490FFE725
:1093A000049800286DD0FFE704984068069007985D
:1093B000808806998988884236DAFFE704980799F9
:1093C0000860059800B3FFE7079880880599C98869
:1093D000884207DBFFE70798C0880699898888429A
:1093E00004DDFFE74FF0FF300B90D1E009980599BD
:1093F00008600598C08807998988884203D0FFE7EC
:1094000000200090FFE70EE00798C0880699898841
:10941000884204DDFFE74FF0FF300B90B8E0099879
:109420000A994860FFE72CE00798808806998988A8
:10943000884204D1FFE74FF0FF300B90A8E0079877
:1094400080880699C988884204DAFFE74FF0FF3028
:109450000B909DE0059858B1FFE70598C0880699E4
:109460008988884203D0FFE700200090FFE7FFE7EC
:10947000FFE7FFE7FFE7069800680490069805906D
:109480008EE7049838BBFFE70598C0B1FFE7FFE718
:109490000598C08807998988884201DDFFE7FFE7C2
:1094A000FFE70998059908600598C0880799898899
:1094B000884203D0FFE700200090FFE70AE0FFE7C3
:1094C0000A98406808B1FFE7FFE7FFE709980A99A3
:1094D0004860FFE7FFE7089830B9FFE70A98807F08
:1094E000C007002851D0FFE70098002847D0FFE7C9
:1094F0000A98406830B1FFE70A9840684068808861
:1095000018B1FFE70020009038E007980590079811
:1095100000680490FFE7049898B1FFE7049840685A
:1095200007900598C08807998988884203D0FFE78B
:109530000020009005E007980590079800680490C7
:10954000E9E70098C8B1FFE7FFE70A98406808B963
:10955000FFE7FFE7FFE7FFE70A98406840680799E1
:10956000884201D1FFE7FFE7FFE7FFE707980068C0
:1095700008B1FFE7FFE7FFE7FFE7FFE7FFE7009836
:10958000002818BF01200B9002E000200B90FFE79D
:109590000B980CB080BD000080B582B001900091A6
:1095A0004DF64420C2F2000000680199884208D1BB
:1095B000FFE7019800684DF64421C2F200010860FF
:1095C0000AE0FFE7009808B9FFE7FFE7FFE7019827
:1095D000006800990860FFE70199042000F066FF29
:1095E00002B080BD80B586B004900391042000F0E5
:1095F000CDFF02900298B0B9FFE70498039900F0FC
:10960000D3F80399884205DBFFE7042000F0BEFF92
:109610000290FFE7029828B9FFE7FFE7FFE7002085
:10962000059021E0FFE70299009100200190C861B8
:10963000886148610861C860886048600860029974
:109640000F20C8774DF64421C2F200010868029A43
:109650001060029808600298083004991422F6F706
:10966000C1FD02980590FFE7059806B080BD000097
:1096700080B586B0059004910020ADF80E00FFE79C
:1096800004980599884201D1FFE7FFE7FFE70498B6
:1096900050B1FFE7FFE7049800680599884201D0C0
:1096A000FFE7FFE7FFE7FFE70598406840680190A4
:1096B0000198808870BBFFE7059840680290019888
:1096C000006805994860029840680599083114229D
:1096D000F6F788FD02980121FEF700FE029801F0DE
:1096E0004DFDADF80C00FFE7BDF80E00BDF80C1005
:1096F0000844B0F5803F01DBFFE7FFE7FFE7BDF877
:109700000E00BDF80C100844ADF80E00029801F0F0
:1097100057FFFFE7059840680290FFE7029820B3E3
:10972000FFE7029840680190029800900198006855
:109730000290009801F022FDADF80C00FFE7BDF8A3
:109740000E00BDF80C100844B0F5803F01DBFFE7C8
:10975000FFE7FFE7BDF80E00BDF80C100844ADF8B8
:109760000E00009801F02CFFD8E705980499FFF748
:1097700013FFFFE744F2EE10C2F200000088BDF8CC
:109780000E10884201DAFFE7FFE7FFE744F2EE112F
:10979000C2F200010888BDF80E20801A0880BDF8CA
:1097A0000E0006B080BD000080B58AB00990089117
:1097B00000200390FFE700200690059004900190A0
:1097C0004DF64420C2F2000000680790FFE70798BA
:1097D00000283FD0FFE7079840690999C968884287
:1097E0000ED1FFE70798806909990969884207D176
:1097F000FFE70798808909998988884203D0FFE7A5
:10980000012018B91BE00120C8B9FFE70198013019
:109810000190069828B9FFE70798069005980490EC
:109820000CE00798C07F0699C97F884205DCFFE7F6
:109830000798069005980490FFE7FFE7FFE7079871
:10984000006818B1FFE707980590FFE707980068E0
:109850000790BCE7069850B1FFE706980499FFF718
:1098600007FF02900299039808440390FFE7FFE77F
:109870000399089A00209142009007DAFFE70199C6
:1098800000200129C8BF01200090FFE70098C00711
:1098900000287FF490AFFFE703980AB080BD000076
:1098A00080B582B0019001980090FFE7009808B958
:1098B000FFE7FFE7FFE7FFE700980199884201D043
:1098C000FFE7FFE7FFE70098406928B1FFE700984E
:1098D000406901F075FEFFE70098FFF7FDFC02B05C
:1098E00080BD000080B584B003900399062081F804
:1098F00034000399202081F82E000399402081F83C
:109900002F000399602081F830000399802081F8AE
:1099100031000399A02081F832000399C02081F81A
:109920003300039800F12E0100200190FCF734FD74
:10993000039940F2DC50888503990E2081F83500A8
:109940004FF4E000FBF7B8FE4FF46020FBF7B4FEE5
:1099500001980290FFE7029804280ED8FFE70299C9
:109960004FF61800C2F2000000EB0110FCF79AFE5F
:10997000FFE7029801300290EDE7FBF729FF04B002
:1099800080BD000080B588B0079000200190039052
:10999000069044F22C10C2F20000009000680221F0
:1099A000FBF734FE01460098ADF81210006805215F
:1099B000FBF72CFE014601980291BDF812104FF4FE
:1099C000C17201F0F9F906900698C8B1FFE7069850
:1099D0000590FFE7059890B1FFE7059A5068029956
:1099E000039B19445289F6F7FDFB039805994989B1
:1099F00008440390FFE7059800680590EAE7FFE751
:109A000000210846FBF7EAFE069808B080BD00007A
:109A100080B586B00590049100200290FFE744F2E3
:109A20003010C2F200000068C0780006002801D59E
:109A3000FFE7F4E744F23010C2F2000000680121B1
:109A4000FBF7E4FD019004980390FFE7039890B1C1
:109A5000FFE7019802990844039A51685289F6F782
:109A6000C1FB02980399498908440290FFE70398D3
:109A700000680390EAE7029900200090FBF78EFF50
:109A8000009806B080BD000080B544F28010C2F29C
:109A90000000FEF7E3F880BD81B000900099080651
:109AA00001F47F4240EA022001F47F0240EA1220E2
:109AB00040EA116001B0704781B0ADF80200BDF816
:109AC000020040BA01B0704781B00090009890F851
:109AD0003500C00708B1FFE7FFE701B0704700009D
:109AE00080B588B000F008FA00F008FD4AF6C00022
:109AF000CEF2116007906FF07F4006900020059035
:109B000047F64922C0F6000269468A6047F61542C8
:109B1000C0F600024A60086044F28010C2F2000001
:109B2000049007A906AA05AB00F058FD049800F0C0
:109B3000A7FF049849F6C921C0F6000100F0DEFF36
:109B4000049800F0AFFF049800F0E4FF08B080BD77
:109B500087B006900591069804900020ADF80A00A1
:109B60000190049800F001000090009870B1FFE7A8
:109B7000059801280ADBFFE70498411C049100784E
:109B80008DF80B00059801380590FFE704980390C5
:109B9000FFE7059802280BDBFFE70398811C039180
:109BA0000188019808440190059802380590F0E773
:109BB0000598012805DBFFE7039800788DF80A0077
:109BC000FFE7BDF80A100198084401900199080CBC
:109BD00010FA81F001900199080C10FA81F00190BF
:109BE000009828B1FFE7019800BA000C0190FFE748
:109BF000BDF8040007B0704780B582B001900198AD
:109C00004FF69001C2F200010968401AFA2809D300
:109C1000FFE701984FF69001C2F20001086007F0DB
:109C200083F8FFE7019844F21811C2F200010968B5
:109C3000401AB0F57A7F09D3FFE7019844F2181172
:109C4000C2F200010860FDF7B3FDFFE702B080BD7E
:109C5000B0B598B0002012901790F9F7CFFFFAF73F
:109C6000B7F8012001F044FF1690032001F040FFF7
:109C70001590022001F03CFF01461298149140F229
:109C80000401C2F200010968139140F22001C2F2FE
:109C9000000155228A77FF23CB7781F8200042F21A
:109CA0002001C2F20001AA208877CA7781F820003B
:109CB000F9F768FFF8F720FD41F65801C2F20101FB
:109CC0004AF6C000CFF21160086044F2F011C2F20F
:109CD00000014AF6C000C1F611100860FCF73EFE14
:109CE000FFF7FEFE07F014FE28B1FFE7F8F7F4FDDA
:109CF000012018B0B0BD694603200690886000229C
:109D00000E924A6001200D90086041F20000C4F2FA
:109D10000100079044F64031C0F24C0104914FF429
:109D200000430593F8F756F90499059B0D980E9A90
:109D3000DDF818E0EC46CCF808E0CCF80420CCF8CC
:109D4000000041F20040C4F201000990F8F742F926
:109D500007980E9B6A460825D560062494605360D8
:109D60004FF400310891116048F60011C2F2000171
:109D70000A9114220B92F8F789FADDF820C00998AD
:109D80000A990B9A0E9BEE46CEF80C50CEF808407E
:109D9000CEF80430CEF800C0F8F778FAFAF73EFAB9
:109DA00040F20040C4F2000007F01AFCFAF7BEFAD5
:109DB00040F60040C4F2000007F012FCFAF754FA33
:109DC000FAF7E2FA0D9A41F20000C4F20200109094
:109DD00010230C931146FDF7E5FF0C9B0E9910988C
:109DE00002220F92FEF72CF80C991098FDF7CAFF8B
:109DF0000D9A1098042311931146FDF7D3FF0E9985
:109E00000F9A1098119BFEF71BF810981199FDF707
:109E1000B9FFFFE7FCF7E6FC18B1FFE7FFF734FEF8
:109E2000FFE744F27C10C2F200000068FFF7E4FE96
:109E3000F0E7000080B582B00190019818B9FFE703
:109E4000FFE7FFE756E09DF80400800738B1FFE721
:109E5000FFE7FFE7FFE7FFE7FFE7FFE74AE00198DB
:109E600008380090009848F62821C2F200010968DD
:109E700088420AD3FFE701980C3048F62C21C2F241
:109E800000010968884207D9FFE7FFE7FFE7FFE71E
:109E9000FFE7FFE7FFE72DE00098007938B9FFE71B
:109EA000FFE7FFE7FFE7FFE7FFE7FFE722E00098B4
:109EB00000F05AF838B9FFE7FFE7FFE7FFE7FFE7F1
:109EC000FFE7FFE716E0009900200871009844F2D0
:109ED000F411C2F200010968884207D2FFE7009836
:109EE00044F2F411C2F200010860FFE7009801F0AB
:109EF0003BFDFFE702B080BD80B584B0FFE7FFE720
:109F000048F63020C2F20000033020F0030148F68A
:109F10002820C2F2000002900160006803900399BB
:109F20004FF4A04001900880039A00215180039AC9
:109F3000117101F0B9FD01990346029848F62C22EF
:109F4000C2F200021360D2F800C001238CF8043082
:109F50001368198012685180006844F2F411C2F24B
:109F60000001086004B080BD80B586B004900498FC
:109F700000F060F9ADF806000498008801F094FD47
:109F800003900498408801F08FFD029004980088A7
:109F9000B0F5A04F24D8FFE704984088B0F5A04F53
:109FA0001ED8FFE704984088BDF80610884207D005
:109FB000FFE702980088BDF80610884210D1FFE73D
:109FC000039848F62C21C2F20001096888420AD0A1
:109FD000FFE703984088BDF80610884203D0FFE7EA
:109FE0000020059002E001200590FFE7059806B0EB
:109FF00080BD000080B588B0ADF81A00BDF81A0029
:10A0000018B9FFE70020079010E1BDF81A000330EF
:10A0100020F00300ADF81400BDF814000B2804D89C
:10A02000FFE70C20ADF81400FFE7BDF81400B0F511
:10A03000A04F07D8FFE7BDF81400BDF81A108842FA
:10A0400003DAFFE700200790F0E044F2F410C2F2D8
:10A050000000006800F0EEF8ADF81800FFE7BDF86A
:10A060001800BDF81410C1F5A041884280F0D980D5
:10A07000FFE7BDF8180001F017FD0490049800797F
:10A08000002840F0C580FFE704980088BDF818104C
:10A09000401A0838BDF814108842C0F0B980FFE7B4
:10A0A00004980088BDF81810401A0838BDF814103C
:10A0B000143188423AD3FFE7BDF81800BDF81410F8
:10A0C00008440830ADF81600FFE7BDF81600B0F5FB
:10A0D000A04F01D1FFE7FFE7FFE7BDF8160001F051
:10A0E000E3FC039003990020087104980088039909
:10A0F0000880BDF8180003994880BDF8160004993F
:10A10000088004990120087103980088B0F5A04FD9
:10A110000BD0FFE7BDF8160001900398008801F00E
:10A12000C3FC014601984880FFE703E00499012041
:10A130000871FFE7049844F2F411C2F200010968C3
:10A14000884241D1FFE744F2F410C2F200000068F7
:10A150000290FFE7029801790020009059B1FFE7D3
:10A16000029848F62C21C2F200010968401A18BF73
:10A1700001200090FFE70098C00730B1FFE7029888
:10A18000008801F091FC0290E4E7029844F2F41197
:10A19000C2F200010860FFE744F2F410C2F20000CE
:10A1A000006848F62C21C2F200010968884209D0F3
:10A1B000FFE744F2F410C2F200000068007908B131
:10A1C000FFE7FFE7FFE7FFE7FFE70498BDF814109C
:10A1D0000844083048F62C21C2F200010968884280
:10A1E00001D9FFE7FFE7FFE7FFE7049808308007A2
:10A1F00008B1FFE7FFE7FFE7FFE79DF810008007E2
:10A2000008B1FFE7FFE7FFE70498083007900DE08B
:10A21000FFE7BDF8180001F047FC0088ADF8180012
:10A220001DE7FFE7FFE700200790FFE7079808B06A
:10A2300080BD000081B00090009848F62821C2F24D
:10A2400000010968401A80B201B0704780B58AB039
:10A250000890ADF81E10BDF81E00033020F003007A
:10A26000ADF81A00BDF81A000B2804D8FFE70C203F
:10A27000ADF81A00FFE7BDF81A00B0F5A04F07D8F7
:10A28000FFE7BDF81A00BDF81E10884203DAFFE7A9
:10A290000020099006E1FFE7089848F62821C2F25D
:10A2A00000010968884209D3FFE7089848F62C2185
:10A2B000C2F200010968884201D3FFE7FFE7FFE728
:10A2C000089848F62821C2F200010968884209D39B
:10A2D000FFE7089848F62C21C2F20001096888427D
:10A2E00007D3FFE7FFE7FFE7FFE7FFE708980990DD
:10A2F000D8E00898083804900498FFF79BFFADF861
:10A30000180004980088BDF81810401A0838ADF8F5
:10A310001C00FFE7BDF81A00BDF81C10884201DDE3
:10A32000FFE7FFE7FFE7BDF81A00BDF81C10884201
:10A3300003DDFFE700200990B4E0BDF81A00BDF886
:10A340001C10884203D1FFE708980990AAE00498FE
:10A35000008801F0A9FB03900398007900284ED1F2
:10A36000FFE7FFE704980088B0F5A04F01D1FFE7B1
:10A37000FFE7FFE703980088ADF80A00BDF8180072
:10A38000BDF81A1008440830ADF8160044F2F41075
:10A39000C2F200000068039988420AD1FFE7BDF8C5
:10A3A000160001F081FB44F2F411C2F200010860D2
:10A3B000FFE7BDF8160001F077FB0390039900203A
:10A3C0000871BDF80A0003990880BDF818000399C8
:10A3D0004880BDF816000499088003980088B0F5FD
:10A3E000A04F0BD0FFE7BDF816000190039800883E
:10A3F00001F05AFB014601984880FFE74FE0BDF8A5
:10A400001A001430BDF81C10884247D8FFE7BDF889
:10A410001800BDF81A1008440830ADF81600FFE720
:10A4200004980088B0F5A04F01D1FFE7FFE7FFE7F0
:10A43000BDF8160001F038FB0390039844F2F411C4
:10A44000C2F200010968884207D2FFE7039844F28C
:10A45000F411C2F200010860FFE7039900200871BF
:10A460000498008803990880BDF818000399488073
:10A47000BDF816000499088003980088B0F5A04F35
:10A480000BD0FFE7BDF8160000900398008801F09C
:10A490000BFB014600984880FFE7FFE7FFE70898BD
:10A4A0000990FFE709980AB080BD000080B582B02E
:10A4B0008DF807000091FFE79DF80700092809DBE8
:10A4C000FFE7FFE743F25B40C0F6010008F0F6F952
:10A4D000FFE710E0FFE7009808B9FFE70BE09DF801
:10A4E000071043F26430C0F6010050F821000099D3
:10A4F000FAF7B4FFFFE702B080BD000080B582B07C
:10A500000020ADF80600FFE7BDF80600082811D8C6
:10A51000FFE7BDF8061043F26430C0F6010050F8C2
:10A52000210000F009F8FFE7BDF806000130ADF8A2
:10A530000600E9E702B080BD83B002900298C168CE
:10A540000020086002998968033121F0030100911D
:10A550000190FFE701980299C988884213DAFFE762
:10A560000298C06800680099086000980299C9685C
:10A57000086000980299898808440090FFE70198D4
:10A5800001300190E6E703B07047000080B584B069
:10A590008DF80B00FFE79DF80B0009280BDBFFE7A8
:10A5A000FFE743F23E40C0F6010008F087F9FFE7FD
:10A5B000002003900EE0FFE79DF80B1043F264309B
:10A5C000C0F6010050F82100FAF760FF01900198F1
:10A5D0000390FFE7039804B080BD000080B588B009
:10A5E000DDF830C0DDF82CC0DDF828C006900591FC
:10A5F00004920393FFE7069858B9FFE7FFE743F299
:10A600007640C0F6010008F059F9FFE700200790F6
:10A61000D9E0FFE7FFE70B9858B9FFE7FFE743F200
:10A62000CC40C0F6010008F049F9FFE70020079090
:10A63000C9E0FFE7059830B9FFE743F2CC20C0F648
:10A6400001000590FFE7049830B9FFE743F2CC2002
:10A65000C0F601000490FFE7039830B9FFE743F22A
:10A66000CC20C0F601000390FFE70699002000907F
:10A670004860069988600699C860069A4AF6B5113E
:10A68000C0F60001516106998885069981F8350068
:10A690000699886248620699C8610A99069A116209
:10A6A00048F62021C2F200010978069A82F8381093
:10A6B0000C99069A11610699C86306980599049A3F
:10A6C000039B00F07FF90B990698884718B1FFE7C4
:10A6D0000020079077E0FFE7069890F83800FF2801
:10A6E00005D1FFE70699002081F83800FFE7002038
:10A6F000019048F61C20C2F2000000680290FFE7BB
:10A70000029840B3FFE7FFE702980699884201D11B
:10A71000FFE7FFE7FFE7019801300190FFE70198AD
:10A72000B0F5807F01DBFFE7FFE7FFE7029890F8D5
:10A730003800069991F83810884207D1FFE706994A
:10A7400091F83800013081F8380004E0FFE7029802
:10A7500000680290D4E7FFE702980028BCD1FFE729
:10A76000069890F83800FE2807D1FFE748F6202128
:10A77000C2F200010020087009E0069890F8380045
:10A78000013048F62021C2F200010870FFE748F6C8
:10A790001C21C2F200010868069A10600698086041
:10A7A000FFE7FFE7FFE7FFE7FFE7FFE7FFE7FFE779
:10A7B000FFE7FFE7FFE7FFE7FFE7FFE7FFE7FFE769
:10A7C00006980790FFE7079808B080BD80B582B073
:10A7D000019000910198009903F03AF901980099CD
:10A7E00007F09AFA02B080BD85B003900291019201
:10A7F000029800680399C968884212D0FFE702985E
:10A8000018B9FFE70020009003E00298006800906C
:10A81000FFE700980399C860FFE7FFE70120049075
:10A8200002E000200490FFE7049805B070470000A4
:10A8300080B588B0069005910492FFE7059808B9A5
:10A84000FFE7FFE7FFE7FFE7049808B9FFE7FFE747
:10A85000FFE70598006806994968884231D0FFE70C
:10A860000598006803900698406804990860FFE71F
:10A87000FFE7049803A90291FFF7A8FF029A069840
:10A880000499F9F73DFF059818B9FFE700200190FA
:10A8900003E0059800680190FFE701980699486079
:10A8A0000698012100F062F8FFE70698C06920B120
:10A8B000FFE70698C1698847FFE7FFE70120079097
:10A8C00002E000200790FFE7079808B080BD000075
:10A8D00085B00390029101920298006803998968FB
:10A8E000884212D0FFE7029818B9FFE700200090D5
:10A8F00003E0029800680090FFE7009803998860E1
:10A90000FFE7FFE70120049002E000200490FFE74A
:10A91000049805B07047000083B08DF807009DF8DB
:10A920000700E8B1FFE748F61C20C2F2000000680B
:10A930000090FFE7009890B1FFE79DF807000099AD
:10A9400091F838100131C9B2884203D1FFE700986D
:10A95000029008E0FFE7009800680090EAE7FFE750
:10A9600000200290FFE7029803B0704782B0019088
:10A970008DF80310FFE7019808B9FFE7FFE7FFE74D
:10A98000019890F835004007002806D5FFE70198A8
:10A9900090F83500C00708B9FFE709E09DF803000B
:10A9A000C00728B1FFE70198406808B1FFE7FFE75B
:10A9B00002B0704783B00290019100926FF00B00DB
:10A9C00003B0704780B58AB009900891079206934A
:10A9D000002005900490089830B9FFE743F2CC209E
:10A9E000C0F601000890FFE7079830B9FFE743F28F
:10A9F000CC20C0F601000790FFE7069830B9FFE7CA
:10AA000043F2CC20C0F601000690FFE70899012030
:10AA1000019039B1FFE708980068B0FA80F040096A
:10AA20000190FFE7019800F001000290029848B100
:10AA3000FFE70998089903AAFFF7FAFE08B1FFE7B4
:10AA4000FFE7FFE709980799059AFFF741FF08B16B
:10AA5000FFE7FFE709980699049AFFF7C5FE08B1DA
:10AA6000FFE7FFE7029848B9FFE70998089903AAAA
:10AA7000FFF7DEFE08B1FFE7FFE7FFE70AB080BDA2
:10AA800081B00090009808B9FFE700E0FFE7009868
:10AA900048F61821C2F200010860FFE7FFE701B0A5
:10AAA0007047000080B582B00190FFE7019848B977
:10AAB000FFE7FFE743F28F40C0F6010007F0FEFE1C
:10AAC000FFE718E0FFE7019890F8350040070028FD
:10AAD00011D4FFE7FFE7019991F8350040F0040039
:10AAE00081F83500FFE70198FAF752F80198032141
:10AAF000FFF73CFFFFE702B080BD000082B001908D
:10AB00000091019820B1FFE700980199C861FFE723
:10AB100002B0704780B582B00190FFE7019848B954
:10AB2000FFE7FFE743F2B040C0F6010007F0C6FEC2
:10AB3000FFE71EE0FFE7019890F83500C007C0B9B5
:10AB4000FFE7FFE7019991F8350040F0010081F837
:10AB50003500FFE7FFE70198C06920B1FFE70198E2
:10AB6000C1698847FFE7FFE701980321FFF7FEFE71
:10AB7000FFE702B080BD000080B584B08DF80F0003
:10AB80008DF80E108DF80D2000200290019000909D
:10AB90004EF60C50CEF20000006800F4E060B0F514
:10ABA000E06F05D1FFE700200190042000904AE00B
:10ABB0004EF60C50CEF20000006800F4E060B0F5F4
:10ABC000C06F05D1FFE7012001900320009039E01C
:10ABD0004EF60C50CEF20000006800F4E060B0F5D4
:10ABE000A06F04D1FFE702200190009029E04EF60B
:10ABF0000C50CEF20000006800F4E060B0F5806F09
:10AC000005D1FFE7032001900120009018E04EF6E7
:10AC10000C50CEF20000006800F4E060B0F5407F18
:10AC200005D1FFE7042001900020009007E04FF4D9
:10AC3000A06000F035F8022001900090FFE7FFE7E8
:10AC4000FFE7FFE7FFE79DF80E000199C1F104015E
:10AC5000884002909DF80D000099C1F104020F2177
:10AC6000D1400140029808430290029800010290EE
:10AC700002989DF90F104EF20042CEF20002885465
:10AC80009DF90F1001F01F02012090404A114EF271
:10AC90000011CEF2000141F8220004B080BD000096
:10ACA00081B0009000980021C0F2FA5108434EF69E
:10ACB0000C51CEF20001086001B0704780B582B03F
:10ACC0000190009101980099002200F003F802B071
:10ACD00080BD000086B0049003918DF80B20FFE743
:10ACE000049808B9FFE7FFE7FFE7049828B1FFE7FA
:10ACF0000398B0F5803F04D3FFE701208DF81700DB
:10AD000056E0039820B9FFE700208DF817004FE0C8
:10AD10000398ADF80200BDF80210049800890844B9
:10AD200080B2884204DAFFE701208DF817003FE087
:10AD30000498007BADF80800BDF808000006002864
:10AD400012D5FFE7049840680399401A01900198D2
:10AD500004991031884206D2FFE7FFE7FFE70120A0
:10AD60008DF8170024E00EE09DF80B0030B1FFE7EE
:10AD7000049840680399401A019003E001208DF87F
:10AD8000170015E0FFE7FFE7FFE701980499486027
:10AD900004994889BDF80220104448810499088923
:10ADA000BDF802201044088100208DF81700FFE74D
:10ADB0009DF8170006B0704710B58EB08DF83300BF
:10ADC000ADF83010ADF82E209DF83300ADF8260018
:10ADD000FFE7FFE7BDF82E000146049101280FD0E0
:10ADE000FFE7049841280BD0FFE70498B0F5C17F36
:10ADF0000FD0FFE70498B0F5207F00F08A80DAE0FA
:10AE0000BDF83010BDF82E20002000F0E1F80A90C7
:10AE1000D6E000200A900790BDF83000ADF81A0087
:10AE2000FFE70820FFF7B2FB0890089850B9FFE74A
:10AE30000A9820B1FFE70A9800F0C2FBFFE7002064
:10AE40000D90C2E0BDF81A00BDF82610033121F0C4
:10AE5000030240F2DC51891A89B2884204DAFFE722
:10AE6000BDF81A0003900AE0BDF82600033020F078
:10AE7000030140F2DC50401A80B20390FFE70398D0
:10AE8000ADF818000898BDF826100144133121F0E0
:10AE90000301BDF81A20BDF81830BDF82EC0EE46EB
:10AEA0000024CEF80440CEF800C000F043FCFFE7D9
:10AEB00008980079800708B1FFE7FFE7FFE7FFE7A1
:10AEC000BDF82600C11C40F27710B0EB910F01D104
:10AED000FFE7FFE7FFE70A9818B9FFE708980A902D
:10AEE00003E0089807990860FFE708980790BDF805
:10AEF0001A00BDF81810401AADF81A000020ADF87D
:10AF00002600FFE7BDF81A0000283FF78AAFFFE7E9
:10AF100056E0BDF82600033020F00300BDF83010E5
:10AF2000033121F003010844ADF81600BDF8160006
:10AF30001030ADF81400BDF81600BDF83010033124
:10AF400021F0030188420AD3FFE7BDF81400BDF8E1
:10AF50003010033121F00301884203D2FFE70020C3
:10AF60000D9032E0BDF81400FFF744F80A900A98FB
:10AF700018B9FFE700200D9027E00A98BDF82610C9
:10AF80000144133121F00301BDF83030BDF82E200B
:10AF9000EC464FF0000ECCF804E0CCF800201A4646
:10AFA00000F0C8FBFFE70A980079800708B1FFE7C7
:10AFB000FFE7FFE704E0FFE7FFE700200D9004E074
:10AFC000FFE7FFE70A980D90FFE70D980EB010BD60
:10AFD00080B586B00490ADF80E10ADF80C20FFE7F8
:10AFE000BDF80C00412806D0FFE7BDF80C00012891
:10AFF00001D0FFE7FFE7FFE70720FFF7C7FA02905E
:10B00000029828B9FFE7FFE7FFE70020059012E06C
:10B0100002980499BDF80E30BDF80C20EC464FF0B4
:10B02000000ECCF804E0CCF800201A4600F082FBB9
:10B0300002980590FFE7059806B080BD80B588B0FE
:10B0400084460B98DDF828E08DF81BC0ADF8181089
:10B05000ADF816200493ADF80E009DF81B00ADF876
:10B060000C00FFE7FFE7BDF80C00033020F0030001
:10B07000BDF818100844BDF80E10884205D9FFE746
:10B08000FFE7FFE70020079021E00A9848B1FFE7BB
:10B090000A98BDF80C10033121F003010844029016
:10B0A00002E000200290FFE704980299BDF81830F2
:10B0B000BDF81620EC464FF0020ECCF804E0CCF8B8
:10B0C00000201A4600F036FB04980790FFE7079827
:10B0D00008B080BD80B584B003900291FFE703986B
:10B0E00018B1FFE7029848B9FFE7FFE743F22550A0
:10B0F000C0F6010007F0E2FBFFE72CE0FFE7039852
:10B100000190FFE70198006858B1FFE701990889AD
:10B11000029A128910440881FFE7019800680190A3
:10B12000F0E7FFE7019908894989884201D0FFE7E4
:10B13000FFE7FFE7FFE70198006808B1FFE7FFE7D7
:10B14000FFE701990889029A128910440881029840
:10B1500001990860FFE704B080BD000080B582B0AF
:10B160000190009101980099FFF7B4FF009800F05A
:10B1700091FBFFE7FFE702B080BD000082B00190C5
:10B180000020ADF80200FFE7019848B1FFE7BDF8E5
:10B1900002000130ADF80200019800680190F3E769
:10B1A000BDF8020002B0704780B586B08DF813007C
:10B1B000ADF8101003929DF8130003990989BDF8AA
:10B1C0001020FFF7F9FD0290029818B9FFE7002060
:10B1D00005900FE00298039900F010F88DF8070031
:10B1E000FFE79DF9070008B1FFE7FFE7FFE70298D7
:10B1F0000590FFE7059806B080BD000080B584B0DB
:10B2000002900191FFE7FFE7FFE7019860B9FFE7D0
:10B21000FFE743F27650C0F6010007F04FFBFFE76F
:10B22000F0208DF80F0009E0FFE7029801990A89E4
:10B23000002300F0A5F88DF80F00FFE79DF90F003F
:10B2400004B080BD80B588B006900591ADF812209D
:10B25000ADF810300020ADF80A00ADF80600FFE7A9
:10B26000069860B9FFE7FFE743F2C450C0F601005B
:10B2700007F024FBFFE70020ADF81E007BE0FFE7AE
:10B28000FFE7059860B9FFE7FFE743F22F60C0F6DC
:10B29000010007F013FBFFE70020ADF81E006AE095
:10B2A000FFE706980390FFE7BDF81210002000901A
:10B2B00031B1FFE70398002818BF01200090FFE795
:10B2C0000098C007002851D0FFE7BDF8100078B102
:10B2D000FFE7BDF8100003994989884208DBFFE7C2
:10B2E000BDF8100003994989401AADF8100038E004
:10B2F00003984089BDF81010401AADF80800BDF859
:10B300000800BDF81210884205DDFFE7BDF8120005
:10B31000ADF80800FFE70598BDF80A100844039946
:10B320004968BDF810201144BDF80820F4F75AFF11
:10B33000BDF80600BDF808100844ADF80600BDF8D9
:10B340000A00BDF808100844ADF80A00BDF8120064
:10B35000BDF80810401AADF812000020ADF810003A
:10B36000FFE7FFE70398006803909DE7BDF806003C
:10B37000ADF81E00FFE7BDF81E0008B080BD00005C
:10B3800080B588B006900591ADF81220ADF8103068
:10B39000BDF81000039000200290FFE7FFE7FFE7F1
:10B3A000059838B1FFE705980089BDF8121088426A
:10B3B0000CDAFFE7FFE743F29050C0F6010007F018
:10B3C0007DFAFFE7F0208DF81F00F4E0FFE7FFE7CC
:10B3D000069850B1FFE706980089BDF81010BDF837
:10B3E0001220114488420CDAFFE7FFE743F2E350F2
:10B3F000C0F6010007F062FAFFE7F0208DF81F00A9
:10B40000D9E0FFE7FFE7069840890399401A0599BC
:10B410004989029A891A884206D3FFE7059840892C
:10B420000299401A019005E0069840890399401A54
:10B430000190FFE7BDF812000199884204D2FFE7AE
:10B44000BDF81200009002E001980090FFE700981C
:10B450000190069840680399084405994968029A42
:10B460001144019AF4F7BEFE019903980844039031
:10B470000199029808440290BDF812000199401AFF
:10B48000ADF81200FFE7039806994989884201D96F
:10B49000FFE7FFE7FFE7FFE7029805994989884240
:10B4A00001D9FFE7FFE7FFE702980599498988423C
:10B4B0001BD3FFE700200290059800680590FFE786
:10B4C000059880B9FFE7BDF8120060B1FFE7FFE71C
:10B4D00043F25A50C0F6010007F0F0F9FFE7F02000
:10B4E0008DF81F0067E0FFE7FFE703980699498999
:10B4F00088421BD1FFE70020039006980068069061
:10B50000FFE7069880B9FFE7BDF8120060B1FFE7DA
:10B51000FFE743F26950C0F6010007F0CFF9FFE7FB
:10B52000F0208DF81F0046E0FFE7FFE70598C8B15F
:10B53000FFE7059948890989884213D1FFE7FFE7AA
:10B540000598006860B1FFE7FFE743F2EE40C0F600
:10B55000010007F0B3F9FFE7FA208DF81F002AE099
:10B56000FFE7FFE70698C8B1FFE706994889098910
:10B57000884213D1FFE7FFE70698006860B1FFE754
:10B58000FFE743F2EE40C0F6010007F097F9FFE74E
:10B59000FA208DF81F000EE0FFE7FFE7FFE7BDF898
:10B5A000120000287FF42FAFFFE7FFE7FFE700203E
:10B5B0008DF81F00FFE79DF91F0008B080BD000057
:10B5C00080B586B00490049860B9FFE7FFE704985F
:10B5D00008B9FFE7FFE7FFE7FFE7FFE700208DF887
:10B5E000170070E0FFE7FFE700208DF80700FFE796
:10B5F0000498002862D0FFE7FFE70498807B0028CA
:10B6000001DCFFE7FFE7FFE70499887B01388873D7
:10B610008DF806009DF80600002849D1FFE7049840
:10B6200000680290FFE7FFE70498007B00F00F003E
:10B630008DF80F000498407B800700280ED5FFE7A7
:10B6400004980090FFE70098006908B9FFE7FFE75A
:10B65000FFE7009801690498884721E09DF80F00F2
:10B66000022805D1FFE704990820FEF71FFF16E026
:10B670009DF80F00012805D1FFE704990720FEF788
:10B6800015FF0BE09DF80F0020B9FFE70498FEF7C7
:10B69000D1FB02E0FFE7FFE7FFE7FFE7FFE7FFE798
:10B6A0009DF8070001308DF807000298049004E02F
:10B6B000FFE7FFE700200490FFE799E79DF8070008
:10B6C0008DF81700FFE79DF8170006B080BD000059
:10B6D00080B582B00190ADF802100198BDF902105A
:10B6E000012200F003F802B080BD000080B584B0F4
:10B6F0000290ADF806108DF80520BDF90600B0F1F6
:10B70000FF3F09DCFFE70298BDF90610494200F04F
:10B71000D7F88DF80F0009E00298BDF906109DF8E2
:10B720000520FFF7D7FA8DF80F00FFE79DF80F000F
:10B7300004B080BD10B584B08C4686460798069943
:10B74000CDF80CE0CDF808C0ADF80620ADF8043017
:10B75000ADF802108DF801000399002008600299ED
:10B76000039A5160BDF80610039A1181BDF80410C8
:10B77000039A51819DF80210039A11739DF80110EC
:10B78000039A5173039A012191730399C87304B00A
:10B7900010BD000080B586B00590ADF81210FFE72F
:10B7A000059808B9FFE7FFE7FFE7BDF81200059924
:10B7B0000989884201DBFFE76AE005980089BDF846
:10B7C0001210401AADF80800BDF81200ADF80A00DA
:10B7D00005980390FFE7BDF80A000399498988425C
:10B7E00017DDFFE7BDF80A0003994989401AADF853
:10B7F0000A0003990889BDF80820801A0881039877
:10B8000000680390FFE7039808B9FFE7FFE7FFE749
:10B81000E1E70398007B000730BBFFE7BDF80A00B3
:10B820000399498988421FD0FFE70398407B80072E
:10B83000002819D4FFE703984168091ABDF80A20C7
:10B84000114489B2FEF702FD0190FFE7019808B9A3
:10B85000FFE7FFE7FFE7FFE701980399884201D080
:10B86000FFE7FFE7FFE7FFE7BDF80A00039948811C
:10B870000399488908810398006828B1FFE7039875
:10B880000068FFF79DFEFFE7039900200860FFE7CF
:10B8900006B080BD81B00090009878B1FFE7FFE767
:10B8A0000099887B01308873FFE7FFE70098807B71
:10B8B000002801DCFFE7FFE7FFE7FFE701B0704783
:10B8C00080B586B004900391FFE7049808B9FFE7BC
:10B8D000FFE7FFE7049828B1FFE70398B0F5803F42
:10B8E00004D3FFE701208DF8170038E0039820B952
:10B8F000FFE700208DF8170031E00398ADF806004F
:10B90000FFE7BDF806000499498988420CDDFFE78E
:10B91000FFE743F21160C0F6010006F0CFFFFFE73A
:10B9200001208DF817001AE0FFE7049840680290A4
:10B9300004994868039A1044486004994889BDF8FE
:10B940000620801A488104990889BDF80620801ACB
:10B950000881FFE7FFE700208DF81700FFE79DF85B
:10B96000170006B080BD000080B586B00590FFE7E7
:10B97000059848F62821C2F200010968884201D2E0
:10B98000FFE7FFE7FFE7FFE7059848F62C21C2F243
:10B9900000010968884201D3FFE7FFE7FFE7FFE7FF
:10B9A0000598007908B1FFE7FFE7FFE7FFE7059893
:10B9B0000088B0F5A04F01D9FFE7FFE7FFE7059842
:10B9C000008800F071F8049005980499884234D0FA
:10B9D000FFE70498007980BBFFE7049848F62C2124
:10B9E000C2F200010968884227D0FFE744F2F41050
:10B9F000C2F2000000680499884207D1FFE7059869
:10BA000044F2F411C2F200010860FFE704980088D4
:10BA10000599088004980088B0F5A04F0CD0FFE786
:10BA20000598FEF707FC02900498008800F03CF8A7
:10BA3000014602984880FFE7FFE70598408800F03C
:10BA400033F803900398059988422BD0FFE70398B9
:10BA5000007938BBFFE744F2F410C2F2000000683E
:10BA60000599884207D1FFE7039844F2F411C2F226
:10BA700000010860FFE70598008803990880059891
:10BA80000088B0F5A04F0CD0FFE70398FEF7D2FB7B
:10BA900001900598008800F007F801460198488059
:10BAA000FFE7FFE706B080BD81B0ADF8020048F6C1
:10BAB0002820C2F200000068BDF80210084401B05E
:10BAC0007047000083B00290019143F60801C4F270
:10BAD000020108680090009820F0EC600090009847
:10BAE000029A1043019A1043086003B070470000A7
:10BAF00098B08DF85F000020159040F20671C0F6F6
:10BB00000811099140F20121C0F203410891079008
:10BB10000690059104900391029043F60800C4F248
:10BB200002000068C0F3810016901698019040B1A1
:10BB3000FFE7019801280AD0FFE7019802280CD0FE
:10BB40003EE042F20040C0F2F40014903EE047F6BE
:10BB50004000C0F27D10149038E043F60400C4F2B7
:10BB60000200016801F03F0110910168C1F38811E2
:10BB70000F91016801F44032022101EBD2310D91A5
:10BB8000006800F480000E900E98B0F5800F06D18A
:10BB9000FFE747F64000C0F27D100C9005E042F24E
:10BBA0000040C0F2F4000C90FFE70C981099B0FB35
:10BBB000F1F00F9948430D99B0FBF1F0149005E0B6
:10BBC00042F20040C0F2F4001490FFE743F6080090
:10BBD000C4F202000168C9B209090B910B9A06A9C7
:10BBE000895C0A9114990A9AD14013910168C1F3B2
:10BBF00082210B910B9A04A9895C0A9113990A9AE4
:10BC0000D1401291006880B2400B0B900B9902A8B2
:10BC1000405C0A9013980A99C84011909DF85F0003
:10BC200001460091032810D80099DFE801F00205D1
:10BC3000080B1498159009E01398159006E01298D7
:10BC4000159003E01198159000E0FFE7159818B0E3
:10BC50007047000081B0ADF80200BDF8020000F0AE
:10BC60001F02012101FA02F3810943F60002C4F226
:10BC7000020288581843885001B0704781B0ADF86F
:10BC80000200BDF8020000F01F02012101FA02F3D8
:10BC9000810943F60002C4F2020288589843885092
:10BCA00001B0704781B0ADF80200BDF8020000F0AD
:10BCB0001F02012101FA02F3810943F60002C4F2D6
:10BCC000020288581843885001B0704744F27C1033
:10BCD000C2F200000068704780B584B00390029102
:10BCE0000192FFE70398B0F1804F01D3FFE7FFE730
:10BCF000FFE7FFF7EBFF03990844009000980299D3
:10BD0000019A00F003F804B080BD000080B586B051
:10BD10000590049103920620FEF738FC02900298E9
:10BD200038B9FFE7FFE7029808B9FFE7FFE7FFE749
:10BD300062E00299002008600498029988600398E4
:10BD40000299C86005980299486048F62420C2F21A
:10BD50000000006838B9FFE7029848F62421C2F2D3
:10BD60000001086048E00298406848F62421C2F2C9
:10BD7000000109684968401AB0F1FF3F03DCFFE7A2
:10BD8000012018B90CE0012050B9FFE748F6242142
:10BD9000C2F200010868029A1060029808602BE065
:10BDA00048F62420C2F2000000680190FFE70198E5
:10BDB00008B3FFE70198006880B1FFE70298406888
:10BDC000019909684968401AB0F1FF3F03DCFFE7B9
:10BDD000012018B90AE0012040B9FFE70198006886
:10BDE0000299086002980199086004E0FFE7019851
:10BDF00000680190DBE7FFE706B080BD82B00190EC
:10BE000043F60401C4F2010108680090009820F490
:10BE1000000000900098019A1043086002B070473B
:10BE200084B000200390029043F60001C4F20201A6
:10BE3000086840F480300860FFE703980130039001
:10BE400043F60000C4F20200006800F400300290E3
:10BE5000FFE702990020009039B9FFE70398B0F599
:10BE6000006018BF01200090FFE70098C00700287D
:10BE7000E3D1FFE743F60000C4F20200006880034C
:10BE800000280CD4FFE7FFE743F60000C4F20200ED
:10BE900000688003002801D4FFE7F5E7FFE743F6D9
:10BEA0004001C4F20201086840F08050086047F287
:10BEB0000001C4F20001086840F44040086043F605
:10BEC0000801C4F2020108680860086840F40040F4
:10BED0000860086840F4A050086043F60401C4F20A
:10BEE000020146F21940C0F64010086043F6000116
:10BEF000C4F20201086840F080700860FFE743F672
:10BF00000000C4F2020000688001002801D4FFE7AD
:10BF1000F5E747F20001C4F20001086840F4803000
:10BF20000860FFE747F20400C4F200000068C003A5
:10BF3000002801D4FFE7F5E747F20001C4F2000151
:10BF4000086840F400300860FFE747F20400C4F2DC
:10BF5000000000688003002801D4FFE7F5E743F6FE
:10BF60000801C4F2020108680190019820F0030062
:10BF70000190019840F00200019001980860FFE7ED
:10BF800043F60800C4F2020000680007002801D44C
:10BF9000FFE7F5E704B0704780B5FFF741FF80BDCC
:10BFA00081B000900098042809D1FFE74EF21001FB
:10BFB000CEF20001086840F00400086008E04EF28C
:10BFC0001001CEF20001086820F004000860FFE7CD
:10BFD00001B0704710B58CB00B900A91FFE70B9839
:10BFE00048B9FFE7FFE743F2DD60C0F6010006F065
:10BFF00065FCFFE7B6E0FFE7FFE70B98007D01284F
:10C0000001D1FFE7FFE7FFE70B98007D0A280BD17E
:10C01000FFE70B994FF68C00C2F2000002F0CCFA59
:10C020000B9800F009FD9DE000200590ADF812008E
:10C030000B98006D09900B98406A08900B98D0F807
:10C040008C0007900B98006906900B98007DB8BB98
:10C05000FFE70B98C08A90B3FFE7FFE74FF6740045
:10C06000C2F2000000680B99884208D1FFE74FF642
:10C070007401C2F200010868C06808601AE04FF657
:10C080007400C2F2000000680390FFE7039880B1DB
:10C09000FFE70398C0680B99884205D1FFE70B982A
:10C0A000C0680399C86004E0FFE70398C068039084
:10C0B000ECE7FFE70B990020C860FFE7FFE715E01A
:10C0C0000A9805900B98C08AADF81200FFE70B990B
:10C0D0004FF66C00C2F2000002F06EFA4FF67001EB
:10C0E000C2F2000101200870FFE7FFE70B98006F24
:10C0F00028B1FFE70B98006F03F0F2FFFFE70B9802
:10C10000C06E28B1FFE70B98C06E03F0E9FFFFE7B0
:10C110000598A0B1FFE7FFE7FFE70B9B0999089A95
:10C12000181DBDF812E01C8BEC46CCF80840CCF88A
:10C1300004E0CCF80000184603F0F4FEFFE70B988B
:10C14000007D8DF811000B9800F076FCFFE7079852
:10C1500030B1FFE7079A06986FF00C019047FFE7B0
:10C16000FFE7FFE70CB010BD80B582B001900198E9
:10C170000121FFF72FFF02B080BD000080B582B023
:10C180008DF807000120FEF701FA009000980028C2
:10C1900043D1FFE700F02EFDFFE7FFE701F0E8FAEB
:10C1A0000120FEF7F3F90090009888BBFFE7FFE756
:10C1B000FFE7092001F08CFA0120FEF7E7F9009073
:10C1C000009800BBFFE7FFE7FFE7082001F080FAD7
:10C1D0000120FEF7DBF90090009878B9FFE7FFE750
:10C1E000FFE79DF8070001F00FFA0120FEF7CEF9F6
:10C1F0000090009808B1FFE7FFE7FFE7009808B15B
:10C20000FFE7FFE7FFE7009808B1FFE7FFE7FFE779
:10C21000009808B1FFE7FFE7FFE70098002846D045
:10C22000FFE700989821F4F704F89DF807000099BB
:10C230004875009940F66830A1F864000099488577
:10C2400000990885009AFF21D172009A4FF4067177
:10C250005186009A0621A2F84010009AD187009AD0
:10C260004FF6FF711186009A0121A2F848104FF68F
:10C270008401C2F200010968009A11624FF6890137
:10C28000C2F200010978009A91770099A1F84A005A
:10C2900000994FF6BD20C0F60000C1F8800000995B
:10C2A0004DF60050C0F26D00C1F89000FFE7009815
:10C2B00002B080BD80B582B00090FFE7009860B901
:10C2C000FFE7FFE743F2AB60C0F6010006F0F6FAC5
:10C2D000FFE7F0208DF8070016E0FFE7FFE7FFE734
:10C2E0000098007D012808D0FFE7FFE70099488B00
:10C2F00040F010004883FFE7FFE70098012100F0BD
:10C3000007F88DF80700FFE79DF9070002B080BD30
:10C3100010B58AB008908DF81F10FFE7089808B98B
:10C32000FFE7FFE7FFE79DF81F00002800F081808E
:10C33000FFE70898007D042805D0FFE70898007DF6
:10C34000072876D1FFE70898406F38B9FFE70898CB
:10C35000008D40F6683188426AD0FFE7FFE7089811
:10C36000408BC006002801D4FFE7FFE7FFE7089BEA
:10C370005A6A196D181DB3F816E01C8BEC46CCF800
:10C380000840CCF804E0CCF80000184603F0CAFDE1
:10C39000089802F0BDF8FFE7FFE74FF66C00C2F225
:10C3A000000000680899884208D1FFE74FF66C0149
:10C3B000C2F200010868C06808601AE04FF66C001D
:10C3C000C2F2000000680690FFE7069880B1FFE720
:10C3D0000698C0680899884205D1FFE70898C068A8
:10C3E0000699C86004E0FFE70698C0680690ECE78D
:10C3F000FFE708990020C860FFE74FF67001C2F21E
:10C40000000101200870FFE74FF67800C2F200003B
:10C4100000680899884203D1FFE704F097FC03E025
:10C42000089800F009FBFFE700208DF8270073E073
:10C43000FFE70898007D0146049140B1FFE70498AA
:10C4400001283ED0FFE70498022848D05AE0089817
:10C45000C08A90B3FFE7FFE74FF67400C2F2000016
:10C4600000680899884208D1FFE74FF67401C2F2CC
:10C4700000010868C06808601AE04FF67400C2F254
:10C48000000000680590FFE7059880B1FFE7059878
:10C49000C0680899884205D1FFE70898C0680599E7
:10C4A000C86004E0FFE70598C0680590ECE7FFE787
:10C4B00008990020C860FFE7FFE7089800F0BCFA81
:10C4C00026E0089801F08CF908994FF67C00C2F23A
:10C4D000000002F071F8089800F038FB18E0FFE760
:10C4E00008994FF66C00C2F2000002F065F84FF6B2
:10C4F0007001C2F2000101200870FFE7089800F007
:10C500009BFA05E0089800F00BF88DF8270003E08F
:10C5100000208DF82700FFE79DF927000AB010BD25
:10C5200080B584B00290FFE7029808B9FFE7FFE703
:10C53000FFE70298007D01460091032808D0FFE73D
:10C540000098042812D0FFE7009807281CD029E0A3
:10C55000029803F03BFE8DF807009DF9070020B913
:10C56000FFE7029905200875FFE71FE0029803F036
:10C570002DFE8DF807009DF9070020B9FFE702990D
:10C5800005200875FFE711E0029803F01FFE8DF803
:10C5900007009DF9070020B9FFE7029909200875F7
:10C5A000FFE703E000208DF80F001DE09DF9070074
:10C5B00020B9FFE7029801F0CFFA10E09DF90700DB
:10C5C000013058B9FFE7FFE70299488B40F00800B7
:10C5D0004883FFE700208DF80F0005E0FFE79DF896
:10C5E00007008DF80F00FFE79DF90F0004B080BD34
:10C5F00080B588B084460A98CDF818C005918DF8AA
:10C60000132003938DF80B00FFE7069808B9FFE7A6
:10C61000FFE7FFE7FFE7059808B9FFE7FFE7FFE758
:10C620009DF80B0000F0010080008DF8030003204E
:10C63000FDF7ACFF019040B9FFE7FFE7FFE7059882
:10C64000FEF7BEFF0020079058E09DF80B0001990F
:10C650000873019900200860059801994860FFE778
:10C66000059800899DF80310884201DAFFE7FFE78B
:10C67000FFE7059800899DF80310401A0199088189
:10C6800001990020488105981421FEF717FB40B15D
:10C69000FFE7FFE7FFE7019803F00CFD002007909C
:10C6A0002CE001994868406808610698C08AFDF747
:10C6B00003FA0199096908800698008BFDF7FCF9D7
:10C6C0000199096948800398FDF7E6F9019909691C
:10C6D00048609DF80310052000EB91019DF81300C0
:10C6E00061F30F30FDF7E8F9019909698881019834
:10C6F00001690020488201980790FFE7079808B079
:10C7000080BD000087B0ADF8180005910492FFE7E6
:10C71000049808B9FFE7FFE7FFE7059828B9FFE7A6
:10C72000BDF81800ADF81A0037E00598808DADF817
:10C730000C00BDF80C0058B3FFE72820ADF80A0044
:10C74000BDF80C00BDF80A10884208DDFFE7BDF80F
:10C750000C00BDF80A10401A80B2019002E00020DF
:10C760000190FFE70198ADF80E00BDF81800BDF884
:10C770000E10884204DAFFE7BDF81800009003E0CD
:10C78000BDF80E000090FFE70098ADF81800FFE735
:10C79000BDF81800ADF81A00FFE7BDF81A0007B0A1
:10C7A0007047000080B588B006908DF81710002003
:10C7B0008DF80B008DF80A00FFE79DF81700800741
:10C7C00008B9FFE7FFE7FFE7FFE7069808B9FFE7CB
:10C7D000FFE7FFE7FFE7FFE79DF817008007002866
:10C7E00004D5FFE701208DF80B00FFE79DF80B0053
:10C7F00000F0010080008DF80A009DF80A10362034
:10C800004FF42072FEF7D8FA049058B9FFE7FFE71B
:10C810000699488B40F080004883FFE7FF208DF8A1
:10C820001F0090E0FFE7049840899DF80A108842B5
:10C8300001DAFFE7FFE7FFE7069804999DF8172064
:10C84000C36D9DF80BC0EE46CEF800C0FFF7D0FEDA
:10C85000039058B9FFE7FFE70699488B40F0800046
:10C860004883FFE7FF208DF81F006CE0FFE7039887
:10C87000007C800708B1FFE7FFE7FFE7FFE70398C9
:10C88000008908B1FFE7FFE7FFE7FFE7FFE706984A
:10C89000C06E20B9FFE703980699C86610E00698B5
:10C8A000C06E0190FFE70198006828B1FFE7FFE73D
:10C8B000019800680190F6E7039801990860FFE786
:10C8C00006990020A1F868009DF81700800700284D
:10C8D00005D4FFE79DF81700C00728B1FFE70699C8
:10C8E000C86D0130C865FFE79DF81700C00740B16B
:10C8F000FFE7FFE70699488B40F020004883FFE7F9
:10C90000FFE703984068FEF739FC02460699B1F844
:10C9100066001044A1F86600FFE7FFE70698B0F84C
:10C92000660060B1FFE7FFE70698006F28B9FFE7F0
:10C930000698C06E08B9FFE7FFE7FFE7FFE70020B2
:10C940008DF81F00FFE79DF91F0008B080BD0000B3
:10C9500080B584B04FF68901C2F200010878013039
:10C960000870FFE74FF66C00C2F200000068039009
:10C97000FFE7039800285CD0FFE70398807F4FF61D
:10C980008901C2F20001097888424DD0FFE74FF6D5
:10C990008900C2F200000078039988770398408BE1
:10C9A000C007A0B1FFE7FFE7FFE7FFE70399488B68
:10C9B00040F002004883FFE7039801F0CDF8FFE75D
:10C9C0000399488B20F003004883FFE7FFE70398B3
:10C9D000408B000700280DD5FFE7FFE7FFE7FFE7E3
:10C9E0000399488B20F008004883FFE70398FFF77E
:10C9F00097FDFFE70398C06802900398406F80B1ED
:10CA0000FFE74FF67001C2F20001019100200870AB
:10CA1000039802F01DFB0198007808B1FFE7A1E739
:10CA2000FFE70298039003E00398C0680390FFE7D4
:10CA30009FE704B080BD000080B582B00190FFE7A1
:10CA40000198007D012801D1FFE7FFE7FFE7019989
:10CA50000120FDF72BFD02B080BD000080B58AB03B
:10CA60000990089107920693FFE708990020039028
:10CA700021B3FFE744F22400C2F2000000680290F4
:10CA8000089800694068FDF707F801900898018947
:10CA9000009100698089FDF70FF8009A019984469A
:10CAA0000298531C4FEA8C7CBCF1000F18BF1A4649
:10CAB0001144401AC043C00F0390FFE70398C0071A
:10CAC000002840D0FFE7FFE7FFE7089805900898A7
:10CAD0000068089005984068FEF750FBADF812001A
:10CAE000FFE7FFE7FFE70998B0F86600BDF812100E
:10CAF000884201DAFFE7FFE7FFE70999B1F866002E
:10CB0000BDF81220801AA1F866004DF64821C2F245
:10CB100000010888059A128910440880059803F0DE
:10CB2000C9FAFFE7FFE70998B0F8660050B1FFE7E0
:10CB3000FFE7089820B9FFE7069808B9FFE7FFE785
:10CB4000FFE7FFE791E708980AB080BD80B582B0A3
:10CB50000190FFE70198007D012801D1FFE7FFE781
:10CB6000FFE701990220FDF7A1FC02B080BD0000A3
:10CB700083B04FF68002C2F200021088411C11807F
:10CB8000ADF808004FF69C00C2F20000006850B1FA
:10CB9000FFE7BDF808004FF69801C2F200010988CE
:10CBA00088420EDAFFE74FF69400C2F200000068F8
:10CBB000143001900198BDF80810405C8DF80B000E
:10CBC00014E0BDF808004FF69801C2F20001098890
:10CBD000401A8DF803004FF69C00C2F20000006876
:10CBE0009DF80310405C8DF80B00FFE79DF80B00EB
:10CBF00003B0704780B582B04FF66C00C2F20000FF
:10CC000000680190FFE70198C8B1FFE70198C0688C
:10CC100000900198408B000700280DD5FFE7FFE743
:10CC2000FFE7FFE70199488B20F008004883FFE702
:10CC30000198FFF775FCFFE700980190E3E702B069
:10CC400080BD000010B58CB00B900A91FFE70B98E7
:10CC500008B9FFE7FFE7FFE70B9840684FF694013C
:10CC6000C2F2000108600B984089132804DCFFE73A
:10CC7000FFE7FFE700F040BC44F2D410C2F200002E
:10CC800001684069FBF71CFC50B9FFE744F2D4107F
:10CC9000C2F20000406900F0F000E02802D1FFE796
:10CCA00000F02ABC0B98028944F2D411C2F20001B0
:10CCB00001F11403EC46CCF8003001F11003062119
:10CCC000FCF7EAFAADF81800BDF8180020B1FFE74C
:10CCD000FFE7FFE700F010BC4FF69400C2F200003F
:10CCE00000688089FCF7E8FE01463C2000EA9120BC
:10CCF0008DF81B009DF81B00142807DBFFE79DF84B
:10CD00001B000B990989884203DDFFE7FFE7FFE776
:10CD1000F2E39DF81B0014384FF6A001C2F20001A7
:10CD200008804FF69C01C2F20001002008600B98B9
:10CD300040899DF81B10884210DBFFE74FF6A000EA
:10CD4000C2F2000000884FF69801C2F2000108808C
:10CD50000B989DF81B10FEF7B3FD4FE0FFE70B9813
:10CD6000006808B9FFE7FFE7FFE70B981421FEF71B
:10CD7000A7FD0B9840894FF69801C2F20001088088
:10CD80004FF6A000C2F2000000880A88801AADF8B1
:10CD900016000B980988FEF793FDBDF816000B9955
:10CDA00009684989884203DDFFE7FFE7FFE7A3E35E
:10CDB0000B98006840684FF69C01C2F200010860C1
:10CDC0000B980068BDF81610FEF77AFD0B990889DC
:10CDD000BDF81620801A0881FFE70B98408908B13A
:10CDE000FFE7FFE7FFE7FFE70B9908890968098973
:10CDF000884201D0FFE7FFE7FFE7FFE74FF6940027
:10CE0000C2F20000049000680088FCF755FE01465D
:10CE100004980268118000684088FCF74DFE0146C6
:10CE200004980268518000684068FCF735FE0146AE
:10CE30000498026851604FF66802C2F20002116065
:10CE400000688068FCF728FE01460498026891603B
:10CE500044F22402C2F2000211600068C089FCF7AB
:10CE60002BFE014604980268D18100688089FCF796
:10CE700023FE00F03F0144F27910C2F2000001707D
:10CE80000B9909894FF6A802C2F2000211800078BE
:10CE9000800788B1FFE74FF6A800C2F200000188C2
:10CEA0000131018000880B990989884203DAFFE784
:10CEB000FFE7FFE720E3FFE7002008904FF66C0054
:10CEC000C2F2000000680990FFE70998002800F00E
:10CED0008180FFE7FFE70998007D08B9FFE7FFE7DA
:10CEE000FFE7FFE70998007D0A2801D1FFE7FFE788
:10CEF000FFE7FFE70998007D012801D1FFE7FFE781
:10CF0000FFE70998007A88B1FFE70998007A44F2B0
:10CF1000D411C2F20001496891F838100131C9B248
:10CF2000884203D0FFE7099808904FE00998008BEA
:10CF30004FF69401C2F2000109680988884242D183
:10CF4000FFE70998C08A4FF69401C2F20001096810
:10CF50004988884237D1FFE70998406844F2D411E4
:10CF6000C2F20001096988422DD1FFE709980068E3
:10CF700044F2D411C2F200014969884223D1FFE78B
:10CF8000FFE70999C868884201D1FFE7FFE7FFE79B
:10CF9000089870B1FFE70998C0680899C8604FF613
:10CFA0006C01C2F200010868099AD0600998086013
:10CFB00000E0FFE7FFE70999C868884201D1FFE771
:10CFC000FFE7FFE706E009980890FFE70998C068C7
:10CFD00009907AE70998002840F0C680FFE74FF6ED
:10CFE0008C00C2F2000000680990FFE70998002851
:10CFF00053D0FFE7FFE70998007D0A2801D0FFE73B
:10D00000FFE7FFE70998007A78B1FFE70998007A0F
:10D0100044F2D411C2F20001496891F8381001318C
:10D02000C9B2884201D0FFE733E00998008B4FF680
:10D030009401C2F2000109680988884228D1FFE7FB
:10D040000998C08A4FF69401C2F200010968498824
:10D0500088421DD1FFE70998406844F2D411C2F21A
:10D0600000010969884213D1FFE70998006844F27A
:10D07000D411C2F200014969884209D1FFE7FFE7F4
:10D08000FFE7099803F0C8FD0B98FEF799FA37E21D
:10D09000FFE70998C0680990A8E7002008904FF6BC
:10D0A0007C00C2F2000000680790FFE70798E0B339
:10D0B000FFE70798007A88B1FFE70798007A44F203
:10D0C000D411C2F20001496891F838100131C9B297
:10D0D000884203D0FFE70798089022E00798C08AAB
:10D0E0004FF69401C2F2000109684988884215D1BF
:10D0F000FFE70798006844F2D411C2F200014969C1
:10D10000884201D1FFE710E0079820B1FFE70798B8
:10D11000006808B9FFE708E0FFE7FFE70798089015
:10D12000FFE70798C0680790C0E70798D8B1FFE706
:10D13000089870B1FFE70798C0680899C8604FF673
:10D140007C01C2F200010868079AD0600798086065
:10D1500000E0FFE7FFE7FFE7079800F06BFB0B98A5
:10D16000FEF72EFACCE1FFE70998002800F0828153
:10D17000FFE744F2C012C2F20002002010600B99D7
:10D18000098911810B9951604FF69401C2F2000197
:10D19000096811614DF64C21C2F2000108604DF69C
:10D1A0005021C2F2000108704DF64821C2F2000180
:10D1B000088044F27910C2F20000007800070028CD
:10D1C00006D5FFE70B99487B40F001004873FFE765
:10D1D0000998406FE0B1FFE7099801F039FF0D3081
:10D1E00060B1FFE70998406F88B1FFE74FF6A800EC
:10D1F000C2F200000088012809DBFFE70998408D92
:10D2000020B9FFE7099802F07DFFFFE713E1FFE790
:10D2100009984FF67801C2F200010860099801F000
:10D220003DFA8DF81A009DF91A000D30002800F023
:10D230000181FFE74DF65020C2F2000000780007A0
:10D2400000281AD5FFE7FFE70998D0F88C0040B115
:10D25000FFE709990869D1F88C206FF00D0190471C
:10D26000FFE7FFE709994FF66C00C2F2000001F0FA
:10D27000A3F90998FFF7E0FBDBE000208DF81A0026
:10D280004DF64820C2F200000088012827DBFFE7A6
:10D290004DF64820C2F200000088ADF81400FFE708
:10D2A0000998C06F48B1FFE709990869CB6FBDF8CD
:10D2B000142098478DF81A0003E000208DF81A001A
:10D2C000FFE7FFE79DF91A000D3008B9FFE7B2E06C
:10D2D0004DF64821C2F2000100200880FFE70998BE
:10D2E00000F010F908B1FFE7A5E04DF64C20C2F2BE
:10D2F0000000006800284FD0FFE7FFE70998406F63
:10D3000008B1FFE7FFE7FFE70998408BC006002858
:10D310000BD5FFE74DF64C20C2F200000068FEF787
:10D320004FF90998FEF720FF85E0FFE70998D0F84C
:10D33000800070B1FFE709990869D1F880C04DF607
:10D340004C22C2F2000212680023E0478DF81A0056
:10D350000CE009994DF64C20C2F20000026800234F
:10D36000184602F0ABFB8DF81A00FFE7FFE79DF9C6
:10D370001A000D3008B9FFE75DE09DF91A0050B1C1
:10D38000FFE74DF64C20C2F200000068099948679B
:10D39000FFE7FFE7FFE7FFE74DF65020C2F200008E
:10D3A00000788006002834D5FFE70998406F38B12F
:10D3B000FFE70998416F487B40F02000487327E061
:10D3C0000998008D40F66831884205D0FFE7099939
:10D3D000088D01300885FFE7FFE70998D0F8800045
:10D3E00050B1FFE709990869D1F880C000231A46B7
:10D3F000E0478DF81A0003E000208DF81A00FFE7DF
:10D40000FFE79DF91A000D3008B9FFE713E0FFE7C9
:10D41000FFE74FF67801C2F200010020086009988A
:10D4200000F070F808B1FFE705E0099800F094FB00
:10D43000FFE7FFE7FFE74FF67801C2F200010020A7
:10D4400008604DF64C21C2F20001086044F2C010A1
:10D45000C2F20000406860B1FFE744F2C010C2F2BF
:10D46000000003904068FEF7ABF803990020486085
:10D47000FFE73EE0FFE7FFE74FF69400C2F200004F
:10D4800000688089FCF718FB400700282DD4FFE7CF
:10D4900044F2D413C2F20003586844F22401C2F2E9
:10D4A000000109684FF66802C2F2000212684FF6E6
:10D4B000A80CC2F2000CBCF800C062444FF6940CF9
:10D4C000C2F2000CDCF800E0BEF802C0BEF800407A
:10D4D000EE46CEF80840CEF804C003F1100CCEF8AA
:10D4E00000C0143302F0AAFDFFE70B98FEF768F8BE
:10D4F000FFE7FFE7FFE703E00B98FEF761F8FFE7C0
:10D500000CB010BD80B582B00090FFE7009808B95C
:10D51000FFE7FFE7FFE74DF65020C2F2000000787A
:10D52000C006002823D5FFE70098408BC0060028DE
:10D5300010D4FFE7FFE70098D0F88C0040B1FFE778
:10D5400000990869D1F88C206FF00E019047FFE731
:10D55000FFE7FFE700994FF66C00C2F2000001F010
:10D560002BF80098FFF768FA0120019002E00020F4
:10D570000190FFE7019802B080BD000080B588B03F
:10D58000069000208DF80F00FFE7069808B9FFE726
:10D59000FFE7FFE7FFE7FFE7FFE7FFE7FFE7FFE75B
:10D5A000FFE7FFE7069802909DF80F100191006DCC
:10D5B0000138FCF771FA019903460298002200F045
:10D5C000DFFC0490049830B9FFE7FFE7FFE7FF2096
:10D5D0008DF81F0014E00698049900231A4600F005
:10D5E000E7FD069A0499131D104600F067FD8DF8BB
:10D5F0001700FFE7FFE79DF817008DF81F00FFE712
:10D600009DF91F0008B080BD80B586B08DF8170069
:10D610009DF81700802803DBFFE77F20009003E0E0
:10D620009DF817000090FFE700988DF807009DF81F
:10D63000070008B9FFE749E09DF8070001388DF8B9
:10D6400007000020029003904FF66C00C2F2000029
:10D6500000680490FFE7049878B3FFE70498407DE2
:10D660009DF80710884213DBFFE70498407D9DF882
:10D67000071088421CD1FFE74FF68400C2F2000079
:10D6800000680499096A401A0299884210D3FFE79A
:10D690004FF68400C2F2000000680499096A401A3B
:10D6A0000290049803900498407D8DF80700FFE7EE
:10D6B000FFE70498C0680490CDE7039830B1FFE716
:10D6C000FFE7FFE70398FEF74FFDFFE706B080BDD9
:10D6D00080B584B08DF80F00FFE79DF80F00082893
:10D6E00006D0FFE79DF80F00092801D0FFE7FFE70C
:10D6F000FFE70020009001904FF66C00C2F200009E
:10D7000000680290FFE7029828B3FFE70298007DC7
:10D710009DF80F10884219D1FFE74FF68400C2F23E
:10D72000000000680299096A401A009988420CD3E7
:10D73000FFE74FF68400C2F2000000680299096A10
:10D74000401A009002980190FFE7FFE7FFE7029878
:10D75000C0680290D7E7019838B1FFE7FFE7FFE71D
:10D7600001980021FEF736FCFFE704B080BD000001
:10D7700080B584B00020019002904FF68C00C2F278
:10D78000000000680390FFE70398E8B1FFE74FF659
:10D790008400C2F2000000680399096A401A0199E6
:10D7A00088420CD3FFE74FF68400C2F20000006805
:10D7B0000399096A401A019003980290FFE7FFE776
:10D7C0000398C0680390DFE7029830B1FFE7FFE7F6
:10D7D000FFE70298FEF7C8FCFFE704B080BD000039
:10D7E00080B582B00190FFE7019808B9FFE7FFE735
:10D7F000FFE7FFE70198007D012801D0FFE7FFE781
:10D80000FFE701200090FFE70098032810D8FFE70A
:10D81000009943F6A000C0F6010050F8210000680E
:10D82000019902F0D9F9FFE7009801300090EBE789
:10D8300002B080BD10B58AB0099044F27910C2F2EE
:10D84000000000784007002801D5FFE7FDE0FFE772
:10D85000099808B9FFE7FFE7FFE744F27910C2F241
:10D8600000000078C00600282FD5FFE7FFE7FFE79C
:10D8700044F2D413C2F20003586844F22401C2F205
:10D88000000109684FF66802C2F2000212684FF602
:10D89000A80CC2F2000CBCF800C062444FF6940C15
:10D8A000C2F2000CDCF800E0BEF802C0BEF8004096
:10D8B000EE46CEF80840CEF804C003F1100CCEF8C6
:10D8C00000C0143302F0BAFBBEE044F27910C2F299
:10D8D000000000788007002840F1B580FFE7FFE7EF
:10D8E000FFE70998407DFEF749FC08900898B8B911
:10D8F000FFE7FFE7FFE7FFE70998806950B1FFE71F
:10D90000099908698B6900214FF0FF3298478DF81B
:10D910001A0003E0F0208DF81A00FFE7FFE794E01B
:10D9200044F2D410C2F200004169089A1160006903
:10D93000089948600998C08A0899C8824FF69400EF
:10D94000C2F2000000680088089908830899032043
:10D9500008754FF66800C2F20000059000680130BB
:10D96000089948620899486AC862089800F0DCF88B
:10D970000146059807910799089A91650799089AB1
:10D9800011650799089A51640799089AD16500684A
:10D99000013808994865099800690899086109984B
:10D9A000089988670998407A00F00C000899487235
:10D9B0000998007A08990872FFE7FFE74FF66C01B3
:10D9C000C2F200010868089AD0600898086003F065
:10D9D000FDF8FFE74FF67001C2F200010120087068
:10D9E000FFE7089800F0FCFC4FF69400C2F200003C
:10D9F0000068C0890899A1F860000899B1F8600032
:10DA0000A1F862000898418E04910430FBF7B2FB44
:10DA100001460498089A0432FEF774FE0899488675
:10DA200008981221FEF7BEFE8DF81B009DF91B0021
:10DA300028B1FFE708980021FEF7CCFA05E0089826
:10DA400000F08AF8FFE7FFE7FFE70AB010BD00002B
:10DA500080B584B0039002910398C0B3FFE70398A8
:10DA60000068A0B3FFE703984FF66C01C2F2000113
:10DA7000096800F02FF803984FF67401C2F2000114
:10DA8000096800F027F8029800B3FFE702980068E1
:10DA9000E0B1FFE74FF67C00C2F2000000680190A1
:10DAA000FFE7019888B1FFE70198006803990968CA
:10DAB000884205D1FFE70298006801990860FFE7F6
:10DAC000FFE70198C0680190EBE7FFE7FFE704B0CC
:10DAD00080BD000080B584B003900291029801904F
:10DAE000FFE7039808B9FFE7FFE7FFE7FFE70198C3
:10DAF000B8B1FFE7019800680399096888420BD123
:10DB0000FFE70198C0680090FFE7FFE70198FEF784
:10DB10002BFB0098019003E00198C0680190FFE79B
:10DB2000E5E704B080BD000081B00090FFE70098F9
:10DB300008B9FFE7FFE7FFE74FF68400C2F20000F5
:10DB4000026840F21400C2F2000001681144016052
:10DB5000006801B07047000080B596B01490FFE7F0
:10DB6000149808B9FFE7FFE7FFE7FFE71498007D87
:10DB7000012801D1FFE7FFE7FFE74FF67800C2F287
:10DB8000000000681499884204D1FFE700208DF856
:10DB90005700F1E11499B1F86000B1F848108842DB
:10DBA00005DAFFE71498B0F860000B9004E01498D1
:10DBB000B0F848000B90FFE70B9811901498C06ED6
:10DBC0001390139888B9FFE7FFE7FFE7FFE7FFE748
:10DBD0001498408B8007002806D5FFE7149802F0C0
:10DBE00091FA8DF85700C7E1BBE1FFE7FFE7FFE7D8
:10DBF00014990A1D084602F07BF90E900E9820B980
:10DC0000FFE7FC208DF85700B6E1149820B1FFE73C
:10DC100014980068C0B9FFE70E9820B1FFE70E988E
:10DC200004300A9002E000200A90FFE70A980D9065
:10DC30000D9820B9FFE7FC208DF857009CE10D9866
:10DC4000006814990860FFE7139800694068FBF7C3
:10DC500023FF1499496C401A1399098908441199B2
:10DC6000884229D9FFE711981499B1F860108842C9
:10DC700015D1FFE71498006F88B9FFE7149890F862
:10DC8000950060B9FFE71499002081F89400149A78
:10DC9000012182F89510149981F89600FFE71498F5
:10DCA000408B8007002806D5FFE7149802F02AFA77
:10DCB0008DF8570060E154E11499002081F8950037
:10DCC0001498006F1290129858B1FFE7FFE712986E
:10DCD000006828B1FFE7FFE7129800681290F6E7A6
:10DCE000FFE7FFE713990020099091B1FFE7139830
:10DCF00000694068FBF7D0FE1499496C401A1399EB
:10DD000009890144119A0020914298BF012009908D
:10DD1000FFE70998C007002800F01981FFE7FFE737
:10DD2000139800698089FBF7C7FE4007002801D5DA
:10DD3000FFE7FFE7FFE71498016F0120089079B330
:10DD4000FFE71498418B012011F0440F089027D170
:10DD5000FFE71498C06E80B1FFE71498C06E0168A9
:10DD600001200890E1B9FFE71498C16E0989428E3D
:10DD700001209142089013DAFFE71498B0F864107C
:10DD80000120079049B1FFE71498B0F86610002011
:10DD90000B29C8BF01200790FFE707980890FFE70D
:10DDA0000898C00738B9FFE71498408B10F0A00F0F
:10DDB00001D1FFE7CBE01498007D02280ED0FFE7E9
:10DDC00013980069808906901020FBF775FE0146C4
:10DDD00006980843139909698881FFE713981499F5
:10DDE0000E9A00F013FA8DF83F009DF93F0060B1E4
:10DDF000FFE7FFE71499488B40F080004883FFE776
:10DE00009DF83F008DF85700B6E013990020488137
:10DE1000139800681499C8661498007D022808D0E9
:10DE2000FFE7FFE71499488B20F003004883FFE7E2
:10DE3000FFE7139800694068FBF72EFE05901398E2
:10DE40000189049100698089FBF736FE0499034635
:10DE500005984A1C9B07002B18BF114608441090D8
:10DE60001498006D1099401AC00F20B1FFE7109868
:10DE700014990865FFE71398018903910069808967
:10DE8000FBF71AFE02460398411C9207002A18BFAE
:10DE90000846002853D0FFE7139900200860149823
:10DEA000006F30B9FFE71398149908671398129020
:10DEB00044E0139800694068FBF7EEFD0290129869
:10DEC00000694068FBF7E8FD01460298401AC00F60
:10DED00060B3FFE7149870300C90FFE70C9801686E
:10DEE0000020019091B1FFE70C980068006940683C
:10DEF000FBF7D2FD0090139800694068FBF7CCFD5A
:10DF000001460098401AC00F0190FFE70198C00732
:10DF100020B1FFE70C9800680C90DFE70C980068D0
:10DF20001399086013980C99086006E013981299E9
:10DF30000860129800681290FFE7FFE703E013986B
:10DF400002F0B8F8FFE71498C06E1390CAE6149870
:10DF5000C06E28B9FFE714990020A1F86800FFE718
:10DF6000FFE7FFE71499488B20F080004883FFE724
:10DF700000208DF85700FFE79DF9570016B080BDCF
:10DF8000B0B588B00790ADF81A10ADF81820059319
:10DF9000FFE7079808B9FFE7FFE7FFE7DDF81CE0B8
:10DFA000DEF82400BDF81A10BDF81820059BBEF855
:10DFB00016C0BEF81840BEF82A50EE46CEF80C50F7
:10DFC0001025CEF80850CEF80440CEF800C000F07E
:10DFD0000DF80490049830B1FFE70799486A4A8D1C
:10DFE0001044C862FFE7049808B0B0BD70B588B0AF
:10DFF0009C4696460C4605460F980E990D9A0C9B2A
:10E000000795ADF81A40ADF818E0CDF814C0ADF89A
:10E010001230ADF810208DF80F10ADF80C00BDF8DF
:10E020001A00BDF818100844143081B222204FF4B1
:10E030002072FCF7C1FE01900198D8B3FFE7FFE71B
:10E0400001984089BDF81A101431884201DAFFE7BF
:10E05000FFE7FFE7019840680290BDF81200FBF768
:10E060002BFD02990880BDF81000FBF725FD0299F1
:10E0700048800598029948600798FBF70DFD0299C2
:10E080008860BDF81A10052000EB91019DF80F0083
:10E0900061F30F30FBF710FD02998881BDF80C0089
:10E0A000FBF70AFD0299C8810299002008820299B3
:10E0B0004882FFE7019808B070BD000080B588B0C5
:10E0C0000690059104920393FFE7059808B9FFE7CE
:10E0D000FFE7FFE706980499039A01F009FF029011
:10E0E000029838B9FFE70598FDF76AFAFC208DF829
:10E0F0001F000DE006980599049A039BDDF808C0FF
:10E10000EE46CEF800C000F007F88DF81F00FFE7DC
:10E110009DF91F0008B080BD10B58AB0DDF830C091
:10E120000990089107920693FFE70C9808B9FFE75A
:10E13000FFE7FFE708984068049008980289079B6A
:10E140000699EC46CCF800100621FBF7A5F80499D7
:10E150000882099848B1FFE70998C07A8DF816003F
:10E160000998807A8DF8150006E0FF208DF81600DA
:10E1700000208DF81500FFE708980799069A9DF88A
:10E1800016309DF815C00C9CEE46CEF808400624CB
:10E19000CEF80440CEF800C0FAF716FD8DF817004F
:10E1A0000898FDF70DFA9DF917000AB010BD0000A0
:10E1B00086B0059004918DF80F208DF80E30002068
:10E1C000ADF80200FFE7049808B9FFE7FFE7FFE7B3
:10E1D000049840680290029814300190FFE701987B
:10E1E0000299BDF8022001EB820202F114019DF8B0
:10E1F0000F301832DB07002B18BF1146884201D0C0
:10E20000FFE7FFE7FFE706B070470000B0B58AB050
:10E21000089007910692FFE7089808B9FFE7FFE723
:10E22000FFE7FFE7079808B9FFE7FFE7FFE7FFE72A
:10E23000069808B9FFE7FFE7FFE7089800F0B8F88D
:10E2400030B1FFE7FFE7FFE700208DF82700ABE0E4
:10E250000798406AFBF720FC0899096988600798CD
:10E26000408DFBF729FC08990969C8810799486A1C
:10E270004A8D1044C86208980069143004900898C8
:10E28000007BC007A8B1FFE706990798021D40F27E
:10E29000B450FEF737FAADF80E00BDF80E0000F1ED
:10E2A0000170FBF7F9FB04990860049804300490AE
:10E2B000FFE70798B0F93000B0F1FF3F04DCFFE75B
:10E2C000079900200886FFE70798406B88B9FFE7A9
:10E2D0004FF68400C2F2000000680799486308986E
:10E2E00000694068FBF7D8FB07998863FFE7FFE701
:10E2F000FFE7FFE7FFE70898416800694968401AAF
:10E30000ADF81400BDF8140008B9FFE7FFE7BDF849
:10E310001420089841684889801A4881BDF8142063
:10E32000089841680889801A08810898416800693E
:10E3300048600898016900200882FFE70498089A5D
:10E340001169127BD3070A1D002B18BF1146143127
:10E35000884201D0FFE7FFE7FFE70898406802899D
:10E36000079B191DEC46CCF8001006242146FAF74D
:10E3700093FF0899096908820898406807990A1D5F
:10E3800091F80AC0CB7A069DEE46CEF80850CEF83A
:10E390000440CEF800C0FAF717FC8DF817009DF87E
:10E3A00017008DF82700FFE79DF927000AB0B0BDE0
:10E3B00082B00090FFE7009808B9FFE7FFE7FFE7AA
:10E3C00000984068807B012803D0FFE7012001907E
:10E3D00002E000200190FFE7019802B070470000C2
:10E3E00080B586B00590FFE7059808B9FFE7FFE71D
:10E3F000FFE74FF6A000C2F200000088002800F0FE
:10E400008480FFE74FF68001C2F2000100200880FF
:10E41000FFE74FF68000C2F2000000884FF6A0012F
:10E42000C2F20001098888426EDAFFE7FEF7A0FB1E
:10E430008DF80F009DF80F000146029140B1FFE7F3
:10E440000298012807D0FFE70298022806D041E091
:10E45000FFE7FFE759E0FFE7FFE754E0FFE7FFE7EB
:10E46000FEF786FB04280ED1FFE74FF68000C2F2CC
:10E470000000008802304FF6A001C2F200010988B6
:10E48000884203DDFFE7FFE7FFE73EE0FEF770FBB2
:10E490000002ADF81000FEF76BFB0146BDF810005E
:10E4A0000843ADF81000BDF8100040F2B4518842A6
:10E4B00004DCFFE7BDF8100020B9FFE740F2B450DC
:10E4C000019003E0BDF810000190FFE70198059965
:10E4D000488618E0FFE7FFE7FEF74AFB8DF81300D8
:10E4E0009DF81300012803DCFFE7FFE7FFE70CE0DE
:10E4F0009DF813004FF68001C2F200010A88104413
:10E5000002380880FFE784E7FFE706B080BD00001F
:10E5100080B582B00190FFE7019848B9FFE7FFE7B7
:10E5200043F29060C0F6010004F0C8F9FFE741E053
:10E53000FFE70198007DE8B3FFE70198007D0A2816
:10E5400038D0FFE70198007D012833D0FFE7FFE7CF
:10E55000FFE70198406F50B1FFE7FFE7FFE7019841
:10E56000406FFDF72DF8019900204867FFE70198FB
:10E57000C06E18B1FFE7FFE7FFE7FFE70198006F04
:10E5800018B1FFE7FFE7FFE7FFE701994FF6FF70DC
:10E5900008860198C06E01F0A3FD0198006F01F09C
:10E5A0009FFD01990020C866019908670199A1F8AB
:10E5B0006800FFE702B080BD80B584B0039002918F
:10E5C000FFE7029808B9FFE7FFE7FFE7FFE70398D7
:10E5D00008B9FFE7FFE7FFE7FFE703980068029944
:10E5E000884205D1FFE703990868C068086017E012
:10E5F000039800680190FFE7019880B1FFE7019858
:10E60000C0680299884205D1FFE70298C068019965
:10E61000C86004E0FFE70198C0680190ECE7FFE7FD
:10E6200002990020C860FFE70298FFF771FF029887
:10E63000007D0A2815D0FFE70298007D012810D040
:10E64000FFE70298408BC00758B1FFE7FFE7029948
:10E65000488B40F002004883FFE70298FFF77CFAFE
:10E66000FFE70298007D01280FD0FFE7FFE702983F
:10E67000C06E08B1FFE7FFE7FFE7FFE70298006F12
:10E6800008B1FFE7FFE7FFE7FFE702990020087501
:10E690000299C882FFE7FFE704B080BD80B594B05F
:10E6A000129000208DF843008DF84200FFE7129889
:10E6B00008B9FFE7FFE7FFE744F27910C2F2000074
:10E6C0000078400700286ED5FFE71298007D0228E9
:10E6D0000FD1FFE744F22400C2F200000068129953
:10E6E000096D884204D1FFE701208DF84300FFE760
:10E6F0002FE04FF66800C2F2000000681299496AE4
:10E70000884204D1FFE701208DF8430020E04FF656
:10E710006800C2F2000000681299496A401AC00FEE
:10E72000A8B9FFE71299486A098D08444FF66801B5
:10E73000C2F200010968401AC00F40B9FFE7FFE7C5
:10E740001299488B40F002004883FFE7FFE7FFE79C
:10E75000FFE79DF84300E8B1FFE7FFE7FFE7FFE7CA
:10E760001298007D08B9FFE7FFE7FFE74DF650215B
:10E77000C2F20001087840F008000870FFE7129923
:10E78000488B20F001004883FFE7F2208DF84F000E
:10E7900000F05ABCFFE7FFE7FFE7FFE700208DF836
:10E7A0004F0000F051BC44F27910C2F20000007832
:10E7B0008007002816D5FFE71298007D022811D0A7
:10E7C000FFE71298007D03280CD0FFE7FFE71299BE
:10E7D000488B40F002004883FFE700208DF84F008F
:10E7E00000F032BC1298408BC006002808D4FFE726
:10E7F0004FF68400C2F20000006812990862FFE739
:10E800001299002081F89700129981F896001298C9
:10E81000FFF7E6FD44F27910C2F2000000788007AD
:10E82000002810D5FFE71298007D02280AD0FFE7E4
:10E830001298007D032805D0FFE700208DF84F00D7
:10E8400000F002BCFFE71298007D023801460C91EF
:10E85000072800F2F4830C99DFE811F008003C016E
:10E8600042025A02FD0242026003CB03FFE7FFE7C8
:10E8700044F27910C2F200000078C006002840F18E
:10E88000E580FFE744F27910C2F2000000788007CB
:10E89000002840F1DB80FFE744F22400C2F20000D0
:10E8A00000681299496C0131884240F0CF80FFE73F
:10E8B0004FF66800C2F2000001680131129A5162FD
:10E8C000129A516AD16244F22401C2F2000109682D
:10E8D000129A51644FF69401C2F200010968C98985
:10E8E000129AA2F86010129AB2F86010A2F86210A0
:10E8F0000068013812994865129904200875129829
:10E90000418E0A910430FAF735FC01460A98129AB2
:10E910000432FDF7F7FE129948861298408E810066
:10E920000B91400041F21D11884205D3FFE7129878
:10E93000408E4000099003E041F21C100990FFE76F
:10E940000B980999884205D2FFE71298408E800003
:10E95000089013E01298408E400041F21D11884249
:10E9600005D3FFE71298408E4000079003E041F284
:10E970001C100790FFE707980890FFE70898129986
:10E98000A1F84800FFE7FFE7FFE71298B0F866003C
:10E99000002801DCFFE7FFE7FFE71299B1F8660006
:10E9A0000138A1F86600FFE7FFE71298006F1190A9
:10E9B000119870B9FFE71298C06E1190FFE7119897
:10E9C00008B9FFE7FFE7FFE7119800681299C866EA
:10E9D00004E01198006812990867FFE7119801F0A8
:10E9E00069FB1298006F28B9FFE712994FF6FF7084
:10E9F000088606E0129900200886129981F84200E4
:10EA0000FFE7FFE71298D0F8840048B1FFE71299BA
:10EA10000869D1F88430002298478DF8420003E05D
:10EA200000208DF84200FFE7FFE79DF942000D301E
:10EA300020B9FFE7F3208DF84F0005E3FFE71299B7
:10EA4000488B40F002004883FFE742E044F279102F
:10EA5000C2F200000078C006002839D5FFE71298FE
:10EA600044F22401C2F2000109684FF66802C2F2C2
:10EA7000000212684FF6A803C2F200031B881A4472
:10EA80004FF69403C2F20003D3F800C0BCF8023082
:10EA9000BCF800C0EE46CEF808C0CEF8043044F210
:10EAA000D413C2F2000303F1100CCEF800C01433EB
:10EAB00001F038FA129890F84200052807DCFFE7C9
:10EAC000129900200886129801F070F9FFE7FFE71D
:10EAD000FFE7B5E244F27910C2F200000078800747
:10EAE000002810D5FFE74FF66800C2F2000000686A
:10EAF0001299496A0139884204D1FFE7129801F05E
:10EB00008BF8FFE7EBE044F27910C2F200000078E6
:10EB1000C006002840F1E280FFE744F22400C2F280
:10EB2000000001681298406CC0430844C00F0028E0
:10EB300040F0A780FFE71298006D44F22401C2F272
:10EB400000010968401AC00F002840F09A80FFE7D2
:10EB5000129904200875FFE7FFE71298806F20B92B
:10EB6000FFE7FA208DF842001CE0FFE71298806F63
:10EB7000806908B9FFE7FFE7FFE7FFE71298806FBA
:10EB8000806948B1FFE7129908698A6F936900228A
:10EB900098478DF8420003E0F0208DF84200FFE72F
:10EBA000FFE7FFE79DF9420068B1FFE79DF94200EA
:10EBB0000D3020B1FFE71298FDF7D6FAFFE7F320FA
:10EBC0008DF84F0040E2129800F0CEFA4DF6482042
:10EBD000C2F20000008840B1FFE74DF64821C2F2C2
:10EBE0000001088801380880FFE71298408E8100F4
:10EBF0000691400041F21D11884205D3FFE71298AB
:10EC0000408E4000059003E041F21C100590FFE7A4
:10EC100006980599884205D2FFE71298408E800039
:10EC2000049013E01298408E400041F21D1188427A
:10EC300005D3FFE71298408E4000039003E041F2B5
:10EC40001C100390FFE703980490FFE704981299C3
:10EC5000A1F84800FFE7FFE74DF65020C2F20000A0
:10EC60000078800600280BD5FFE7FFE71299488B54
:10EC700040F002004883FFE7129907200875FFE77C
:10EC80002BE0129844F22401C2F2000109684FF609
:10EC90006802C2F2000212684FF6A803C2F2000333
:10ECA0001B881A444FF69403C2F20003D3F800C045
:10ECB000BCF80230BCF800C0EE46CEF808C0CEF872
:10ECC000043044F2D413C2F2000303F1100CCEF866
:10ECD00000C0143301F026F9FFE7FFE7FFE7AFE1DB
:10ECE000129800F041FA4DF65020C2F20000007870
:10ECF000800600280BD5FFE7FFE71299488B40F00C
:10ED000002004883FFE7129907200875FFE797E1A3
:10ED1000129800F029FA4DF65020C2F20000007857
:10ED2000800600287AD5FFE744F27910C2F200008D
:10ED30000078C006002865D5FFE744F22400C2F23F
:10ED4000000000681299096D88425BD1FFE71298B4
:10ED5000C06E002856D1FFE7FFE7FFE7FFE71299F3
:10ED6000488B40F002004883FFE71298FFF7D0FB82
:10ED7000FFE7FFE74FF66C00C2F20000006812994F
:10ED8000884208D1FFE74FF66C01C2F20001086823
:10ED9000C06808601AE04FF66C00C2F2000000681C
:10EDA0000F90FFE70F9880B1FFE70F98C0681299A6
:10EDB000884205D1FFE71298C0680F99C86004E047
:10EDC000FFE70F98C0680F90ECE7FFE7129900206B
:10EDD000C860FFE74FF67001C2F200010120087021
:10EDE000FFE712990A200875FFE74FF68C01C2F27F
:10EDF00000010868129AD0601298086001F0E6FEDF
:10EE0000FFE70AE0FFE71299488B40F002004883D1
:10EE1000FFE7129908200875FFE71BE044F279101C
:10EE2000C2F200000078C006002812D5FFE744F2C5
:10EE30002400C2F2000000681299096D884208D1CE
:10EE4000FFE71298C06E20B9FFE7129906200875F7
:10EE5000FFE7FFE7F4E0129800F086F94DF6502046
:10EE6000C2F2000000788006002856D5FFE7FFE7D1
:10EE7000FFE7FFE71299488B40F002004883FFE765
:10EE80001298FFF745FBFFE7FFE74FF66C00C2F271
:10EE9000000000681299884208D1FFE74FF66C0124
:10EEA000C2F200010868C06808601AE04FF66C0002
:10EEB000C2F2000000680E90FFE70E9880B1FFE7F5
:10EEC0000E98C0681299884205D1FFE71298C06871
:10EED0000E99C86004E0FFE70E98C0680E90ECE75A
:10EEE000FFE712990020C860FFE74FF67001C2F2F9
:10EEF000000101200870FFE712990A200875FFE75A
:10EF00004FF68C01C2F200010868129AD060129884
:10EF1000086001F05BFEFFE7FFE791E0129800F068
:10EF200023F944F27910C2F200000078C0060028EC
:10EF30005ED5FFE744F22400C2F200000068129997
:10EF4000096D884254D1FFE71298C06E00284FD156
:10EF5000FFE7FFE7FFE71298FFF7DAFAFFE7FFE7BF
:10EF60004FF66C00C2F2000000681299884208D186
:10EF7000FFE74FF66C01C2F200010868C068086044
:10EF80001AE04FF66C00C2F2000000680D90FFE737
:10EF90000D9880B1FFE70D98C0681299884205D19D
:10EFA000FFE71298C0680D99C86004E0FFE70D986C
:10EFB000C0680D90ECE7FFE712990020C860FFE7FA
:10EFC0004FF67001C2F2000101200870FFE71299AC
:10EFD0000A200875FFE74FF68C01C2F200010868AD
:10EFE000129AD0601298086001F0F0FDFFE7FFE789
:10EFF00026E0129800F0B8F844F27910C2F200004E
:10F000000078C006002819D5FFE744F22400C2F2B8
:10F01000000000681299096D88420FD1FFE712982D
:10F02000C06E58B9FFE7FFE7FFE74DF65021C2F287
:10F030000001087840F010000870FFE700E0FFE7EB
:10F0400000208DF84F00FFE79DF94F0014B080BD00
:10F0500080B584B00290FFE7029860B9FFE7FFE750
:10F0600043F25260C0F6010003F028FCFFE7F020F5
:10F070008DF80F0073E0FFE70298406F407B8DF83A
:10F0800006000298406F0090029900204867FFE751
:10F09000FFE7FFE70298D0F8800050B1FFE7029940
:10F0A0000869D1F880C0009A0023E0478DF8070076
:10F0B00008E00299009A0023184600F0FFFC8DF842
:10F0C0000700FFE7FFE79DF9070090BBFFE79DF80A
:10F0D0000600800600282BD5FFE70298008D40F639
:10F0E0006831884205D0FFE70299088D0130088514
:10F0F000FFE7FFE70298D0F8800050B1FFE70299E0
:10F100000869D1F880C000231A46E0478DF807004F
:10F1100003E000208DF80700FFE7FFE79DF90700F7
:10F120000D3020B9FFE7F3208DF80F0017E0FFE75F
:10F1300011E09DF907000D3030B9FFE7FFE7FFE769
:10F14000F3208DF80F000AE0009802994867FB2031
:10F150008DF80F0003E000208DF80F00FFE79DF908
:10F160000F0004B080BD000080B58EB00D90FFE7A9
:10F170000D9808B9FFE7FFE7FFE7FFE70D98007D6F
:10F18000032801DCFFE7FFE7FFE744F27910C2F252
:10F1900000000078C006002840F18982FFE70D9941
:10F1A000B1F86000896D08440B900D98406D4FF6E2
:10F1B0006801C2F200010968401AC00F58BBFFE79E
:10F1C0000D98406D4FF66801C2F20001096888424F
:10F1D0000BD1FFE70D98806D44F22401C2F20001CB
:10F1E0000968401AC00FB0B9FFE70D98806D44F26E
:10F1F0002401C2F200010968884234D1FFE74FF6CA
:10F200009400C2F200000068C0890D99B1F8601046
:10F21000884228D9FFE74FF69400C2F20000006848
:10F22000C0890D99A1F860000D99B1F86200B1F89C
:10F230006010884206DAFFE70D99B1F86000A1F886
:10F240006200FFE74FF66800C2F2000000680D9907
:10F25000486544F22400C2F2000000680D998865F8
:10F26000FFE7FFE7FFE70D98406C44F22401C2F28C
:10F2700000010968401AC00F00285FD1FFE74FF670
:10F28000A800C2F200000088002856D1FFE70D99BF
:10F29000886DB1F8601008440B9988424CD1FFE7A3
:10F2A0000D98B0F93000002845D4FFE70D98406C68
:10F2B00044F22401C2F20001096888423AD1FFE712
:10F2C0000D9890F84310481CC0B2884207DDFFE754
:10F2D0000D9991F84300013081F84300FFE70D9844
:10F2E00090F8430004281ADBFFE7FFE70D98B0F819
:10F2F0004810408E084480B2884208DBFFE70D9931
:10F30000B1F848004A8E1044A1F8480005E00D9974
:10F310004FF6FF70A1F84800FFE7FFE7FFE70D9801
:10F3200090F84300032804DBFFE70D9800F0E2FCAF
:10F33000FFE7FFE7FFE7FFE7FFE760E144F22400B4
:10F34000C2F2000001680D98406CC0430844C00F31
:10F35000002840F04F81FFE70D98006D44F2240132
:10F36000C2F200010968401AC00F002840F0428133
:10F37000FFE70D98408B4007002811D5FFE7FFE716
:10F380000D99488B20F004004883FFE70D99B1F8F0
:10F390004A00A1F848000D990020A1F86A00FFE793
:10F3A0000D98002180F842100D9AB2F93C30D08FB0
:10F3B00000EBD300A2F8400044F22400C2F20000A7
:10F3C00002680D9B5B6CD21AADF82A200D9A82F868
:10F3D000431000680D9948640D98007D0428C0F220
:10F3E0009380FFE70D99B1F84800B1F84A108842C0
:10F3F00041DAFFE70D98408B01050220002948BF44
:10F4000001208DF82700BDF82A009DF827100D9ADD
:10F41000528E514389B2884204DAFFE7BDF82A00D0
:10F42000059007E09DF827000D99498E484380B26A
:10F430000590FFE70598ADF82800FFE70D98B0F8B4
:10F440004810BDF82800084480B2884209DBFFE775
:10F450000D99B1F84800BDF828201044A1F84800E3
:10F4600005E00D994FF6FF70A1F84800FFE7FFE7B0
:10F47000FFE7FFE747E0FFE70D98B0F86A10BDF837
:10F480002A00084480B2884209DBFFE70D99B1F8F1
:10F490006A00BDF82A201044A1F86A0005E00D9921
:10F4A0004FF6FF70A1F86A00FFE7FFE70D99B1F88A
:10F4B0006A00B1F84810884222DBFFE70D99B1F8E5
:10F4C0006A00B1F84820801AA1F86A00FFE70D9899
:10F4D000B0F84810408E084480B2884208DBFFE74D
:10F4E0000D99B1F848004A8E1044A1F8480005E093
:10F4F0000D994FF6FF70A1F84800FFE7FFE7FFE71F
:10F50000FFE7FFE7FFE7FFE7FFE7FFE70D98C36EC1
:10F51000016F43F2F662C0F60102FDF79FFA0D9902
:10F5200008670D98C16E036F43F2FE62C0F60102D8
:10F53000FDF794FA0D99C8660D98006F28B9FFE79A
:10F540000D994FF6FF70088603E00D99002008869C
:10F55000FFE70D99002008770D98C06E28B9FFE7E6
:10F560000D990020A1F86800FFE70D99B1F864003B
:10F570004DF64822C2F2000212881044A1F864003D
:10F580000D98C07E0007002833D5FFE70D98006F67
:10F59000C8B9FFE70D98C06E60B1FFE70D98C06E67
:10F5A00000694068FAF778FA0D99C96C401AC00FE3
:10F5B00040B9FFE7FFE70D99488B20F400604883CE
:10F5C000FFE7FFE714E00D98006F00694068FAF765
:10F5D00063FA0D99C96C401AC00F40B9FFE7FFE705
:10F5E0000D99488B20F400604883FFE7FFE7FFE7B1
:10F5F000FFE703E00D9800F085FDFFE7FFE7FFE779
:10F60000FFE70D98406B002850D0FFE70D98806B06
:10F6100044F22401C2F200010968401AC00F002818
:10F6200044D0FFE74FF68400C2F2000000680D9955
:10F63000496B401AADF83200FFE7FFE7BDF8320032
:10F640000D99B1F93C10A0EBD100ADF832000D9945
:10F65000888FBDF8322010448887BDF93200B0F1A0
:10F66000FF3F06DCFFE7BDF832004042ADF8320054
:10F67000FFE7BDF832000D99B1F93E10A0EB910003
:10F68000ADF832000D99C88FBDF832201044C887FC
:10F690000D99B1F93C20C88F00EBD200A1F84000D1
:10F6A000FFE7FFE70D9900204863FFE7FFE74FF60C
:10F6B000A800C2F2000000880128C0F2DA81FFE74A
:10F6C0000D98007D062800F3D481FFE70D98416A6C
:10F6D0004FF66800C2F200000068C0430844C00F43
:10F6E000002840F08480FFE74FF66800C2F2000077
:10F6F00000684FF6A801C2F20001098801440D9884
:10F70000406AC0430844C00F002870D1FFE744F2AC
:10F71000C010C2F20000406808900D98406A4FF691
:10F720006801C2F200010968401A0790FFE744F23D
:10F73000C010C2F20000406808B9FFE7FFE7FFE72A
:10F74000FFE707984FF6FF71884201D3FFE7FFE715
:10F75000FFE70798ADF81800FFE744F2C010C2F2C7
:10F76000000040680089BDF81810884201DAFFE700
:10F77000FFE7FFE7BDF8182044F2C010C2F2000016
:10F780000189891A018140680089BDF81810401A62
:10F79000ADF81A00FFE708984089BDF818108842B4
:10F7A00012DAFFE708984189BDF81800401AADF851
:10F7B0001800BDF81A0008990881089900204881AE
:10F7C000089800680890E6E70898BDF81810FCF75C
:10F7D00077F80D98406A4FF66801C2F200010860A0
:10F7E00044F2C011C2F200010969486015E04FF609
:10F7F0006800C2F2000000680D99496A401AC00F03
:10F8000050B1FFE7FFE7FFE7FFE70D99488B40F0B6
:10F8100002004883FFE7FFE7FFE74FF66800C2F208
:10F82000000000680D99496A401AC00F002840F096
:10F830001B81FFE70D99486A098D01444FF6680066
:10F84000C2F200000068C0430844C00F002840F026
:10F850000B81FFE70D98406A4FF66801C2F2000184
:10F860000968884240F0FB80FFE744F2C010C2F212
:10F8700000000189049100698089FAF71DF9049953
:10F880000246481C9207002A18BF01464FF6A800FE
:10F89000C2F20000018000880D99098D88426DDD5B
:10F8A000FFE7FFE7FFE744F2C010C2F20000006983
:10F8B0008089FAF701F9C007B8B1FFE744F2C01038
:10F8C000C2F2000002900069808920F47C5103910B
:10F8D000FAF7F2F800F03E00FAF7EEF80299024665
:10F8E0000398104309698881FFE70D98018D44F260
:10F8F000C010C2F20000018100698089FAF7DCF8CB
:10F900008007002808D5FFE744F2C011C2F20001C9
:10F91000088901380881FFE744F2C011C2F20001F2
:10F92000009148680989FBF735FF0098018901912A
:10F9300000698089FAF7C0F802460198411C9207D5
:10F94000002A18BF08464FF6A801C2F2000108803D
:10F95000FFE74FF66800C2F2000000684FF6A8010A
:10F96000C2F20001098808440D9A516A128D1144AF
:10F97000884201D0FFE7FFE7FFE7FFE74FF66800A7
:10F98000C2F2000000684FF6A801C2F20001098827
:10F9900008440D994862FFE70D98008D4FF6A801C5
:10F9A000C2F200010988884201DAFFE7FFE7FFE7BA
:10F9B0004FF6A800C2F2000002880D99088D801A47
:10F9C00008850D9801F0CCF944F2C010C2F2000095
:10F9D0004068008901280DDBFFE744F2C011C2F244
:10F9E000000148684DF64C22C2F20002106000206F
:10F9F0004860FFE744F2C010C2F20000006980894D
:10FA0000FAF75AF8C00758B1FFE7FFE7FFE74DF6EE
:10FA10005021C2F20001087840F020000870FFE792
:10FA2000FFE70D98408BC00778B1FFE7FFE70D991E
:10FA3000488B20F001004883FFE7FFE70D99488BD2
:10FA400040F002004883FFE707E0FFE70D99488B8D
:10FA500040F001004883FFE7FFE7FFE703E00D9870
:10FA600000F050FBFFE703E00D9800F04BFBFFE7D1
:10FA700021E04FF66800C2F2000000680D99496A63
:10FA8000401AC00F70B9FFE70D99486A098D01440B
:10FA90004FF66800C2F200000068C0430844C00F7F
:10FAA00040B1FFE7FFE70D99488B40F00200488323
:10FAB000FFE7FFE7FFE70EB080BD000080B586B02E
:10FAC0000490039102928DF80730FFE7039860B924
:10FAD000FFE7FFE743F2C260C0F6010002F0EEFE6E
:10FAE000FFE7F0208DF817001BE0FFE7029848B110
:10FAF000FFE703980299098900F018F80298FBF7CC
:10FB00005FFD0AE09DF9070030B9FFE70398FCF7B5
:10FB1000D1FB8DF8170004E0FFE700208DF81700F7
:10FB2000FFE79DF9170006B080BD000080B584B0E6
:10FB30000390ADF80A10FFE7039848B9FFE7FFE725
:10FB400043F27860C0F6010002F0B8FEFFE740E043
:10FB5000FFE7FFE70398007D012801D1FFE7FFE7FA
:10FB6000FFE70398008DBDF80A100844ADF80200C5
:10FB7000BDF8020040F66831884207DCFFE7BDF8B7
:10FB800002000399098D884207DAFFE7FFE7FFE7E4
:10FB9000039940F66830088504E0BDF80200039937
:10FBA0000885FFE7039801F0DBF80190019840F227
:10FBB000DA2188420BD3FFE7FFE70399488B40F037
:10FBC00002004883FFE70398FDF7C6FFFFE7FFE762
:10FBD000FFE704B080BD000083B002900191FFE711
:10FBE000019808B9FFE7FFE7FFE702980090FFE7F9
:10FBF000009878B1FFE70098806F0199884204D19E
:10FC0000FFE7009900208867FFE7FFE70098C068DA
:10FC10000090EDE703B0704780B586B00490FFE731
:10FC2000049808B9FFE7FFE7FFE70498006F20B9E1
:10FC3000FFE7FA208DF8170058E00498006F039052
:10FC40000398FEF7B5FB30B1FFE7FFE7FFE7FA20C7
:10FC50008DF817004AE00398006804990867049833
:10FC60006C300290FFE7029801680020019091B18A
:10FC7000FFE70298006800694068F9F70DFF0090FF
:10FC8000039800694068F9F707FF01460098401A99
:10FC9000C00F0190FFE70198C00720B1FFE702986D
:10FCA00000680290DFE702980068039908600398F3
:10FCB000029908600398006828B9FFE704990020BA
:10FCC000A1F86800FFE7049890F84200FE2807DCDE
:10FCD000FFE7049991F84200013081F84200FFE704
:10FCE0000499002048638DF81700FFE79DF917007D
:10FCF00006B080BD80B582B00190FFE7019808B9D9
:10FD0000FFE7FFE7FFE70198006F00284BD0FFE710
:10FD10000198408B4007002845D4FFE7FFE7FFE745
:10FD20000198FFF779FFE8BBFFE70199B1F84800B8
:10FD3000B1F86010884205DAFFE70198B0F8480092
:10FD4000009004E00198B0F860000090FFE7009890
:10FD500000EBD07040080199A1F84A000199B1F870
:10FD60004A00498EB0EB410F08D2FFE7FFE7FFE7FB
:10FD70000199488E4000A1F84A00FFE70199B1F8C7
:10FD80004A004A8E02EB42021044A1F84800FFE705
:10FD90000199488B40F004004883FFE70199002057
:10FDA0000886FFE7FFE702B080BD000080B582B0A3
:10FDB0000190FFE7019808B9FFE7FFE7FFE7019827
:10FDC00000F024F820B9FFE7019800F003F8FFE7FE
:10FDD00002B080BD80B582B00190FFE7019808B9FC
:10FDE000FFE7FFE7FFE7019890F84200FE2807DCF5
:10FDF000FFE7019991F84200013081F84200FFE7E6
:10FE00000198FDF7A9FE02B080BD000080B586B064
:10FE10000490FFE7049808B9FFE7FFE7FFE70498BD
:10FE2000006F20B9FFE7FA208DF817005BE0049817
:10FE3000006F0390FFE70398006880B1FFE7039825
:10FE4000FEF7B6FA30B1FFE7FFE7FFE7FA208DF8DB
:10FE5000170048E0FFE7039800680390EBE703987A
:10FE6000FEF7A6FA30B1FFE7FFE7FFE7FA208DF8CB
:10FE7000170038E00498C06E039908600498C06EBB
:10FE800030B9FFE7039840890499A1F86800FFE7BB
:10FE90000499086FC866049900200867FFE7049971
:10FEA000488B40F400604883FFE70398006940688E
:10FEB000F9F7F2FD029003980189019100698089A8
:10FEC000F9F7FAFD0199034602984A1C9B07002B9B
:10FED00018BF114608440499C86404990020486377
:10FEE0008DF81700FFE79DF9170006B080BD0000F0
:10FEF00080B584B0029001910092029850B1FFE762
:10FF00000298007A30B1FFE70298007AFAF704FD10
:10FF1000039004E00098F9F72DF90390FFE70398A8
:10FF200004B080BDB0B58AB08C46864610980F9953
:10FF30000E9CCDF824E0CDF820C007920693ADF8D2
:10FF40001610ADF8140009980899079A069BDDF879
:10FF500038C0BDF81640BDF81450EE46CEF8085033
:10FF6000CEF80440CEF800C000F00EF804900498DB
:10FF700038B1FFE709980499069A0E9BFEF79EF8A0
:10FF8000FFE70AB0B0BD0000B0B590B08C46864621
:10FF900016981599149CCDF838E0CDF834C00C9221
:10FFA0000B93ADF82A10ADF82800FFE70B9808B9BD
:10FFB000FFE7FFE7FFE7FFE7149808B9FFE7FFE770
:10FFC000FFE7002006908DF8210046F60B00ADF803
:10FFD00022000C9807909DF8210005900D98F9F7E4
:10FFE0005BFD0599069A03460798BDF82AC0BDF83F
:10FFF0002840BDF82250EE46CEF80C501425CEF81D
:020000040801F1
:100000000850CEF80440CEF800C0FDF7EFFF09908D
:10001000099828B9FFE7FFE7FFE700200F900AE003
:100020000E98099900231A46FEF7C2F8FFE7FFE78A
:1000300009980F90FFE70F9810B0B0BD10B58AB0C7
:100040008C4686460E980D990C9CCDF824E0CDF890
:1000500020C007920693ADF81610ADF81400099869
:1000600010B3FFE70899079A069B0C98BDF816E0B5
:10007000BDF81440EC46CCF80840CCF804E0CCF8CD
:1000800000000020FFF780FF0490049858B1FFE7BC
:100090000499069A0C9B0998EC46CCF800000020C5
:1000A000FEF73AF8FFE702E0FFE7FFE7FFE70AB0F5
:1000B00010BD000080B582B00190019870B1FFE7DB
:1000C0000198406828B1FFE701984068FBF778FA8B
:1000D000FFE701990320FAF7E9F9FFE702B080BDD5
:1000E00080B582B00190FFE7019848B1FFE7019821
:1000F000006800900198FFF7DDFF00980190F3E79A
:1001000002B080BD80B588B0069000208DF80E004A
:100110008DF80D00FFE7069808B9FFE7FFE7FFE756
:100120009DF80E0000F0010080008DF80F00069889
:1001300002909DF80F100191006DF9F7ADFC019947
:10014000034602980022FDF71BFF0490049868B94B
:10015000FFE7FFE70699488B40F003004883FFE77D
:10016000FFE7FFE7FE208DF81F002AE006980499BC
:100170009DF80E209DF80D30FEF71AF8FFE7FFE717
:10018000069A0499131D1046FDF798FF8DF8170085
:100190009DF9170040B1FFE7FFE70699488B40F053
:1001A00003004883FFE707E0FFE70699488B20F04C
:1001B00003004883FFE7FFE79DF817008DF81F0055
:1001C000FFE79DF91F0008B080BD000080B584B036
:1001D0000290FFE7029808B9FFE7FFE7FFE7029800
:1001E000C06E70B3FFE70298C06E0190FFE7019800
:1001F000006828B1FFE7FFE7019800680190F6E783
:10020000019800698089F9F757FC4007C0B9FFE7FA
:1002100001980069808900900120F9F74DFC0146A2
:1002200000980843019909698881FFE70299488B82
:1002300040F020004883FFE700208DF80F0007E022
:10024000FFE702980121FCF7ADFA8DF80F00FFE7F8
:100250009DF90F0004B080BD10B592B000208DF85C
:100260003B004FF68401C2F20001086801300860CB
:100270004FF68901C2F20001087801300870FFE7EB
:10028000002010904FF66C00C2F200000068119040
:10029000119818B9FFE7FFE7FFE7FFE7FFE71198BD
:1002A000002800F0E482FFE7FFE7FFE7FFE711988F
:1002B000007D08B9FFE7FFE7FFE7FFE71198007D42
:1002C000012801D1FFE7FFE7FFE7FFE71198007D75
:1002D0000A2801D1FFE7FFE7FFE71198807F4FF67B
:1002E0008901C2F200010978884206D1FFE711981E
:1002F00010901198C0681190D1E74FF68900C2F2B2
:10030000000000781199887700208DF83D008DF865
:100310003C001198007D02280ED1FFE7119890F85B
:100320004200062808DBFFE79DF83D0001308DF80C
:100330003D00FFE7FFE72DE1119890F842000C28FF
:1003400008DBFFE79DF83D0001308DF83D00FFE739
:10035000FFE71EE1119890F89500012876DBFFE792
:10036000FFE71198006F08B1FFE7FFE7FFE7FFE73E
:100370001198C06E08B9FFE7FFE7FFE7119890F802
:1003800096000C2806DBFFE79DF83D0001308DF854
:100390003D005AE0119890F8950043F6B001C0F680
:1003A0000101084410F8010C8DF83A00119890F8FA
:1003B00094009DF83A10884207DAFFE7119991F806
:1003C0009400013081F89400FFE7119890F89400B0
:1003D0009DF83A10884237DBFFE701200D90119815
:1003E000B0F8600048B9FFE7119800F00DFD18B1B2
:1003F000FFE700200D90FFE710E01198B0F86010C3
:1004000000F0A0FA48B9FFE71198FDF7A5FB18B96D
:10041000FFE700200D90FFE7FFE7FFE70D9890B1A1
:10042000FFE71199002081F89400119890F8950049
:10043000062807D8FFE7119991F89500013081F857
:100440009500FFE7FFE7FFE7FFE7A1E01198B0F9AC
:10045000300000280DD4FFE71198B0F9300047F6BE
:10046000FE71884205DCFFE71199088E013008868D
:10047000FFE71199B1F93000B1F940108842C0F29C
:100480008680FFE7FFE7FFE71198FFF7BFFC50B159
:10049000FFE71198006F002878D1FFE71198C06E30
:1004A000002873D0FFE71198007D022833D0FFE7C2
:1004B000119890F842000B2805D8FFE7119890F8A2
:1004C0004200059002E00C200590FFE705988DF8AA
:1004D00033001198B0F93C10B0F93E0000EBE10098
:1004E0009DF8332043F69301C0F60101895C8840F2
:1004F0000B900B9847F6FE71884203DCFFE70B98E0
:10050000049003E047F6FF700490FFE70498119908
:10051000A1F84000FFE71199002008861199B1F871
:100520004800B1F86010884205DAFFE71198B0F88A
:100530004800039004E01198B0F860000390FFE7D2
:100540000398ADF83E00BDF83E0040081199A1F8AF
:100550004A001199B1F84A00498E490089B288428F
:1005600006DAFFE71199488E4000A1F84A00FFE73C
:100570001199488EA1F84800FFE7FFE71199002084
:10058000A1F86A001198FFF725FCFFE7FFE7FFE7F6
:10059000FFE7FFE71198007D06281BD1FFE71198C0
:1005A000408BC006002814D5FFE74FF68400C2F246
:1005B000000000681199096A401A292808D3FFE74A
:1005C0009DF83D0001308DF83D00FFE7FFE7FFE7B4
:1005D000FFE7FFE71198407A0007002862D5FFE7A0
:1005E0001198007D042805D0FFE71198007D0728A9
:1005F00058D1FFE74FF68400C2F20000006811995D
:100600000A6AD1F89010801A44F6B842C0F20A0281
:10061000114444F6D352C1F26202A1FB0221B0EBB5
:10062000511F11D9FFE7FFE7FFE7FFE7FFE7FFE70C
:10063000FFE79DF83D0001308DF83D009DF83C003E
:1006400001308DF83C002CE04FF68400C2F200002F
:100650000068119A136AD2F89010C01A92F8972085
:1006600042F29F435A4301EBC20144F6D352C1F216
:100670006202A1FB0221B0EB511F11D9FFE71198D3
:10068000FCF77CFF8DF83B009DF93B0038B9FFE794
:10069000119991F89700013081F89700FFE7FFE783
:1006A000FFE7FFE71198007D032814D1FFE74FF61D
:1006B0008400C2F2000000681199096A401A2928D2
:1006C00008D3FFE79DF83D0001308DF83D00FFE7BE
:1006D000FFE7FFE7FFE71198007D092814D1FFE746
:1006E0004FF68400C2F2000000681199096A401AAE
:1006F000F12808D3FFE79DF83D0001308DF83D005B
:10070000FFE7FFE7FFE7FFE79DF83D0000286ED019
:10071000FFE71198D0F88C0009901198FDF7F8FECA
:10072000109888B1FFE7FFE711984FF66C01C2F20D
:1007300000010968884201D1FFE7FFE7FFE7119850
:10074000C0681099C86013E0FFE74FF66C00C2F272
:10075000000000681199884201D0FFE7FFE7FFE73A
:100760001198C0684FF66C01C2F200010860FFE703
:100770009DF83C0090B1FFE7119B5A6A196D181D56
:10078000B3F816E01C8BEC46CCF80840CCF804E03B
:10079000CCF800001846FFF7C5FBFFE71198006989
:1007A00008901198007D8DF81F0011980A901198FB
:1007B000C06811900A98FCF73FF94FF67001C2F239
:1007C000000100200870FFE7099830B1FFE7099A9F
:1007D00008986FF00C019047FFE7FFE74FF67000B5
:1007E000C2F20000007808B1FFE749E53EE0119849
:1007F00010901198C06811901099087F0130087707
:100800001099087F497F88422FDBFFE7109900206D
:100810000877FFE7FFE74FF67001C2F20001002002
:100820000870FFE71098D0F8880040B1FFE71099F2
:100830000869D1F8882090478DF83B0003E000203C
:100840008DF83B00FFE7FFE74FF67000C2F20000B3
:10085000007808B1FFE713E59DF93B0020B9FFE7F9
:100860001098FDF779F9FFE7FFE7FFE717E50020AC
:1008700010904FF68C00C2F2000000681190FFE764
:10088000119800285BD0FFE7FFE71198007D0A2848
:1008900001D0FFE7FFE7FFE700208DF83D004FF6AE
:1008A0008400C2F2000000681199096A401AF12818
:1008B00006D3FFE79DF83D0001308DF83D00FFE7CE
:1008C0009DF83D00A0B3FFE71198FDF721FE1098B9
:1008D00088B1FFE7FFE711984FF68C01C2F20001E3
:1008E0000968884201D1FFE7FFE7FFE71198C06878
:1008F0001099C86013E0FFE74FF68C00C2F20000C9
:1009000000681199884201D0FFE7FFE7FFE71198DF
:10091000C0684FF68C01C2F200010860FFE7119831
:1009200006901198C06811900698FCF785F805E0CC
:10093000119810901198C0681190FFE7A0E712B0CD
:1009400010BD000080B58EB00C90ADF82E100020C8
:100950000A9009900890FFE70C9808B9FFE7FFE7B5
:10096000FFE70C98C06E0990099820B9FFE7FF20B7
:100970008DF8370025E1BDF82E0030B9FFE7FFE71D
:10098000FFE7FA208DF837001BE109980089BDF8D0
:100990002E10884204DCFFE700208DF8370010E1BC
:1009A000FFE7BDF82E000C99498E884201DDFFE774
:1009B000FFE7FFE7FFE709980089002801DCFFE770
:1009C000FFE7FFE7FFE7FFE70998007B8DF81E00D0
:1009D0009DF81E0000F0010080008DF81F000998AE
:1009E0000089BDF82E10401AADF81A00BDF81A00A3
:1009F0009DF81F10084481B236204FF42072FAF798
:100A0000DBF90890089818B9FFE7FFE7FFE7C7E0B0
:100A10000999486800890989401ABDF82E100844D0
:100A2000ADF8180009984068089949689DF81F209A
:100A30001144BDF81A20BDF81830FAF703FCBDF8D0
:100A40001A10884203D0FFE7FFE7FFE7A8E0099804
:100A500000698089F9F730F800F03F008DF81D003B
:100A600000208DF81C009DF81D00000700280DD502
:100A7000FFE79DF81D0000F0F7008DF81D009DF8C0
:100A80001C0040F008008DF81C00FFE79DF81D00D9
:100A9000C00768B1FFE79DF81D0000F0FE008DF86B
:100AA0001D009DF81C0040F001008DF81C00FFE7C0
:100AB0000C980590089803909DF81C0004900998E4
:100AC00000694068F8F7E8FF0399049A034605981F
:100AD000BDF82EC063449DF81EC0EE46CEF800C09F
:100AE000FBF786FD0A900A9828B9FFE700200890D6
:100AF000FFE7FFE754E009984068FAF73FFB02463A
:100B00000C99B1F86600801AA1F86600099840684F
:100B10000189BDF81A20891A89B2FAF73BFEBDF89F
:100B20001A2009990889801A088109980069808922
:100B300002909DF81D00F8F7BFFF01460298084398
:100B400009990969888109990020488109984068B4
:100B5000FAF714FB02460C99B1F866001044A1F8AC
:100B600066000A984068FAF709FB02460C99B1F84A
:100B700066001044A1F86600099800680A990860A8
:100B80000A98099908600A98006828B9FFE70C9943
:100B90000020A1F86800FFE700208DF8370010E082
:100BA000FFE70A9808B1FFE7FFE7FFE7089820B1E1
:100BB000FFE70898FAF704FDFFE7FF208DF83700FC
:100BC000FFE79DF937000EB080BD000080B54FF6FD
:100BD000A400C2F200000068E8B9FFE74FF66C001D
:100BE000C2F20000006838B9FFE74FF68C00C2F28D
:100BF0000000006878B1FFE74FF6A401C2F20001DF
:100C00000120086040F66171C0F60101FA2000225F
:100C1000FBF762F8FFE780BD80B584B0039044F233
:100C20007910C2F2000000784007002801D5FFE7E4
:100C300078E0FFE7039808B9FFE7FFE7FFE744F232
:100C40007910C2F2000000788007002845D5FFE740
:100C50004FF66800C2F2000000680399496A401A22
:100C6000C00FC8BBFFE70399486A098D08444FF6D7
:100C70006801C2F200010968401AC00F60BBFFE7BB
:100C8000039844F22401C2F2000109684FF6680299
:100C9000C2F2000212684FF6A803C2F200031B88DA
:100CA0001A444FF69403C2F20003D3F800C0BCF814
:100CB0000230BCF800C0EE46CEF808C0CEF80430D2
:100CC00044F2D413C2F2000303F1100CCEF800C0BA
:100CD0001433FFF727F925E010E044F27910C2F24F
:100CE00000000078C00740B1FFE74FF68400C2F271
:100CF0000000006803990862FFE7FFE74FF6A800CD
:100D0000C2F20000008801280BDBFFE7FFE7039930
:100D1000488B40F002004883FFE70398FCF71CFF74
:100D2000FFE7FFE704B080BD80B5FBF711FE4FF68B
:100D30008801C2F20001087801300870C00718B1BC
:100D4000FFE7FFF789FAFFE780BD00004DF650216D
:100D5000C2F20001087840F01000087070470000EF
:100D600087B00590FFE7059808B9FFE7FFE7FFE7C1
:100D70000599486A098D08440490049801900598E3
:100D8000C16A0291408E40F2B551884204DBFFE710
:100D900040F2B450009003E00598408E0090FFE7C9
:100DA00001980299009A1144401AC00F48B9FFE710
:100DB0000599088D488504980599C96A401A0690D6
:100DC0001EE00598416AC06A401AC00F20B1FFE7D3
:100DD00005990020488510E00598416AC06A401ACC
:100DE0000390FFE70398B0F5803F01D3FFE7FFE7EB
:100DF000FFE7039805994885FFE700200690FFE785
:100E0000069807B07047000080B58CB00A900020AB
:100E10008DF80F00FFE70A9808B9FFE7FFE7FFE743
:100E2000FFE7FFE7FFE7FFE7FFE7FFE7FFE7FFE792
:100E30000A98C06E0690069820B9FFE700208DF84A
:100E40002F0089E00A9890F89600FE2807DCFFE75B
:100E50000A9991F89600013081F89600FFE706980C
:100E600000698089F8F728FE01460020C907019033
:100E700039B1FFE706980089B0FA80F04009019087
:100E8000FFE7019800F001008DF815009DF81500AE
:100E9000B0FA80F04009ADF816000A989DF80F10DE
:100EA000BDF81620069B1B695B68FDF769F8089082
:100EB000089830B9FFE7FFE7FFE7FF208DF82F0024
:100EC0004AE00898406807909DF8150070B1FFE768
:100ED0000798808920F47C5000901120F8F7ECFDF1
:100EE000014600980843079988810EE008984068F9
:100EF00014300290069B5868029902891B89D21A05
:100F000093B20122FAF79EF9FFE70698006940685C
:100F1000F8F7C2FD013004900A98006D0499401A58
:100F2000C00F20B1FFE704980A990865FFE70A9807
:100F3000089900231A46FDF73BF90A9A0899131DF0
:100F40001046FDF7BBF88DF82700FFE7FFE79DF897
:100F500027008DF82F00FFE79DF92F000CB080BD12
:100F600080B582B00190FFF7DFFE4FF66C00C2F251
:100F70000000006838B9FFE74FF68C00C2F20000AD
:100F8000006848B1FFE740F66171C0F60101FA2040
:100F90000022FAF7A1FE06E04FF6A401C2F200011A
:100FA00000200860FFE702B080BD000044F27C1121
:100FB000C2F20001086808607047000081B000902C
:100FC0000099086840F08000086001B07047000098
:100FD00084B00390ADF80A100192BDF80A000146F2
:100FE0000091032800F255810099DFE811F0040018
:100FF0005C00BA0018010399086A20F00100086239
:101000000399886920F00300886101980288039998
:10101000086A104308620399086A20F00200086217
:10102000019882880399086A104308620398002196
:10103000C4F20101884208D0FFE7039840F2004162
:10104000C4F2010188422DD1FFE70399086A20F01C
:1010500004000862019842880399086A10430862F4
:101060000399086A20F0080008620198C288039971
:10107000086A104308620399486820F48070486049
:1010800001980289039948681043486003994868A9
:1010900020F4007048600198428903994868104321
:1010A0004860FFE7F6E00399086A20F01000086244
:1010B0000399886920F44070886101980288039937
:1010C000086A40EA021008620399086A20F02000CA
:1010D0000862019882880399086A40EA021008624F
:1010E00003980021C4F20101884208D0FFE7039869
:1010F00040F20041C4F20101884231D1FFE7039977
:10110000086A20F040000862019842880399086A42
:1011100040EA021008620399086A20F08000086221
:101120000198C2880399086A40EA0210086203998C
:10113000486820F4806048600198028903994868F3
:1011400040EA820048600399486820F400604860E3
:10115000019842890399486840EA82004860FFE7A5
:1011600098E00399086A20F4807008620399C869BE
:1011700020F00300C861019802880399086A40EAD8
:10118000022008620399086A20F40070086201983E
:1011900082880399086A40EA0220086203980021C5
:1011A000C4F20101884208D0FFE7039840F20041F1
:1011B000C4F20101884231D1FFE70399086A20F4A3
:1011C00080600862019842880399086A40EA022018
:1011D00008620399086A20F4006008620198C288D6
:1011E0000399086A40EA022008620399486820F4DB
:1011F00080504860019802890399486840EA0210CB
:1012000048600399486820F400504860019842897A
:101210000399486840EA02104860FFE73AE0039902
:10122000086A20F4805008620399C86920F440706D
:10123000C861019802880399086A40EA023008628E
:101240000399086A20F40050086201988288039983
:10125000086A40EA0230086203980021C4F20101E2
:10126000884208D0FFE7039840F20041C4F2010130
:1012700088420DD1FFE70399486820F48040486018
:10128000019802890399486840EA82104860FFE7A4
:1012900000E0FFE704B0704783B00290ADF806109D
:1012A000ADF80420BDF8060001460091032836D8A9
:1012B0000099DFE801F0020E1B270299886920F0EF
:1012C00070008861BDF80420029988691043886124
:1012D00026E00299886920F4E0408861BDF8042086
:1012E0000299886940EA0220886119E00299C86978
:1012F00020F07000C861BDF804200299C86910434D
:10130000C8610DE00299C86920F4E040C861BDF8E9
:1013100004200299C86940EA0220C86100E0FFE7A2
:1013200003B0704784B00390ADF80A100192BDF885
:101330000A0001460091032814D80099DFE801F063
:1013400002060A0E0198039948630CE0019803997C
:10135000886308E001980399C86304E00198039941
:10136000086400E0FFE704B07047000083B002901B
:10137000ADF80610ADF80420BDF806000146009156
:10138000032836D80099DFE801F0020E1B270299E6
:10139000886920F008008861BDF8042002998869F6
:1013A0001043886126E00299886920F40060886112
:1013B000BDF804200299886940EA0220886119E09A
:1013C0000299C86920F00800C861BDF8042002999C
:1013D000C8691043C8610DE00299C86920F4006033
:1013E000C861BDF804200299C86940EA0220C861BA
:1013F00000E0FFE703B0704780B590B00F900F9802
:101400000E90B0F1804F73D0FFE70E9840F200418C
:10141000C4F20001884274D0FFE70E9840F6000144
:10142000C4F20001884275D0FFE70E9840F60041F3
:10143000C4F20001884276D0FFE70E9841F2000125
:10144000C4F20001884277D0FFE70E9841F20041D4
:10145000C4F20001884278D0FFE70E9841F60001FF
:10146000C4F20001884200F09D80FFE70E9841F62B
:101470000041C4F20001884200F09D80FFE70E9811
:1014800042F20001C4F20001884200F09D80FFE7B3
:101490000E980021C4F20101884220D0FFE70E9887
:1014A00040F20041C4F20101884257D0FFE70E9894
:1014B00044F20001C4F20101884258D0FFE70E98BF
:1014C00044F20041C4F20101884259D0FFE70E986E
:1014D00044F60001C4F2010188425AD07DE04FF485
:1014E00010600D90FAF7DEFB0D98FAF7C7FB75E078
:1014F0004FF400600C90FAF7D5FB0C98FAF7BEFB9E
:101500006CE040F601000B90FAF7CCFB0B98FAF771
:10151000B5FB63E040F602000A90FAF7C3FB0A98B5
:10152000FAF7ACFB5AE040F603000990FAF7BAFB71
:101530000998FAF7A3FB51E040F604000890FAF787
:10154000B1FB0898FAF79AFB48E040F605000790CF
:10155000FAF7A8FB0798FAF791FB3FE040F6011075
:101560000690FAF79FFB0698FAF788FB36E04FF4EF
:1015700011600590FAF796FB0598FAF77FFB2DE0CE
:1015800040F611100490FAF78DFB0498FAF776FBF9
:1015900024E040F612100390FAF784FB0398FAF760
:1015A0006DFB1BE040F606000290FAF77BFB029809
:1015B000FAF764FB12E040F607000190FAF772FBBD
:1015C0000198FAF75BFB09E040F608000090FAF793
:1015D00069FB0098FAF752FB00E0FFE710B080BD0E
:1015E00081B000900099086820F00100086001B007
:1015F0007047000081B000900099086840F0010039
:10160000086001B07047000082B00190009100981E
:1016100000880199886201980021C4F20101884282
:1016200025D0FFE70198B0F1804F20D0FFE7019867
:1016300040F20041C4F20001884218D0FFE701984F
:1016400040F60001C4F20001884210D0FFE7019883
:1016500040F60041C4F20001884208D0FFE701983B
:1016600040F20041C4F20101884212D1FFE7019922
:10167000086820F0700008600098428801990868A6
:101680001043086000988288019908681043086038
:10169000FFE7009880680199C862019841F2000153
:1016A000C4F20001884214D0FFE7019841F20041E2
:1016B000C4F2000188420CD0FFE70199086820F4C9
:1016C000407008600098C28801990868104308605B
:1016D000FFE701980021C4F20101884208D0FFE72A
:1016E000019840F20041C4F20101884205D1FFE7B0
:1016F0000098007B01990863FFE70199486940F071
:101700000100486102B0704782B001900091009AD8
:101710000199C8681043C86002B0704782B0019058
:1017200000910098C0430199086102B07047000021
:1017300084B0029001910298C0680199084000901D
:10174000029800690199084207D0FFE7009820B18C
:10175000FFE701208DF80F0003E000208DF80F0057
:10176000FFE79DF80F0004B07047000082B00190C1
:101770008DF803109DF80300012806D1FFE70199B9
:10178000486C40F40040486405E00199486C20F43E
:1017900000404864FFE702B07047000080B588B0A1
:1017A00006900591ADF81220059830B9FFE743F295
:1017B000CC20C0F601000590FFE7FFE7069860B96E
:1017C000FFE7FFE743F22470C0F6010001F076F86E
:1017D000FFE7F0208DF81F0095E0FFE7FFE7FFE748
:1017E000FFE7FFE7FFE7FFE700208DF80B0041F27E
:1017F000C060C2F2010000680390FFE7039870B177
:10180000FFE706980399884204D1FFE701208DF88D
:101810000B0004E0FFE70398C0680390EEE7BDF813
:10182000120078B9FFE700F0C3FAADF81200BDF876
:10183000120030B9FFE7FFE7FFE7F8208DF81F003F
:1018400061E037E041F2C060C2F20100006803903D
:10185000FFE7039868B3FFE706980399884223D00F
:10186000FFE70398408ABDF8121088421BD1FFE7BA
:10187000039800680599096888420ED0FFE705982B
:1018800058B1FFE70598006838B1FFE7039820B129
:10189000FFE70398006830B9FFE7FFE7FFE7F820AC
:1018A0008DF81F002FE0FFE7FFE70398C068039063
:1018B000CFE7FFE7059818B9FFE70020019003E0A4
:1018C000059800680190FFE7019806990860BDF847
:1018D0001200069948829DF80B0050B9FFE741F2CB
:1018E000C061C2F201010868069AD06006980860DB
:1018F000FFE7FFE7FFE7FFE7FFE7FFE7FFE700207E
:101900008DF81F00FFE79DF91F0008B080BD0000A3
:1019100080B582B000F030FA014644F22000C2F2F5
:1019200000000160006820B9FFE701208DF8070082
:1019300023E044F22000C2F20000006843F2CC2110
:10194000C0F601016522FFF729FF68B9FFE744F2FD
:101950002000C2F20000006841F64D61C0F60101AE
:10196000002200F0D1FA03E001208DF8070004E026
:10197000FFE700208DF80700FFE79DF8070002B0A1
:1019800080BD000080B58AB00990089100208DF8D4
:101990000A00FFE7099808B9FFE7FFE7FFE7FFE75D
:1019A000089808B9FFE7FFE7FFE70998408907288B
:1019B00006DCFFE7FFE7FFE70998F9F701FE36E1EC
:1019C00009984068079044F2D410C2F20000016800
:1019D0004069F6F775FD8DF80B00FFE7FFE7079804
:1019E0000088F8F769F8ADF80E0007984088F8F716
:1019F00063F8ADF80C00FFE7FFE7FFE7FFE7FFE75D
:101A0000FFE7FFE7FFE7FFE7FFE70020069005900D
:101A1000049041F2C060C2F2010000680690FFE746
:101A20000698002877D0FFE7FFE7FFE7FFE7FFE72B
:101A3000FFE7FFE7FFE7FFE7FFE7FFE70698408ADA
:101A4000BDF80C1088425FD1FFE7069808999DF811
:101A50000B2000F0F5F8002856D0FFE70698007C30
:101A60004007002827D4FFE7049818B9FFE7069835
:101A700004901FE09DF80B00D8B1FFE744F2D410AA
:101A8000C2F200004069013098B9FFE7049800688D
:101A90000899496888420BD0FFE7069800680899C2
:101AA0004968884203D1FFE706980490FFE7FFE703
:101AB000FFE7FFE7FFE70698808ABDF80E1088422F
:101AC00021D1FFE70698406850B1FFE706984068CB
:101AD00044F2D411C2F200010969884213D1FFE730
:101AE000059870B1FFE70698C0680599C86041F293
:101AF000C061C2F201010868069AD06006980860C9
:101B000000E0FFE707E0FFE706980590FFE706988B
:101B1000C068069084E7069818B9FFE70498069015
:101B2000FFE7069820B1FFE701208DF80A000DE0DD
:101B30000898406844F2D411C2F200014969401A81
:101B4000B0FA80F040098DF80A00FFE79DF80A001E
:101B5000002867D0FFE7FFE7FFE70798C088A0B13C
:101B6000FFE70998028944F2D411C2F2000101F1A1
:101B70001403EC46CCF8003001F110031121F7F703
:101B80008BFB08B1FFE753E0FFE709980821F9F75D
:101B900097FE30B1FFE7FFE7FFE70998F9F710FD7F
:101BA00045E00698D0B1FFE70698806988B1FFE765
:101BB0000699D1F818C0C869099ABDF80E30EE46EA
:101BC000CEF8003044F2D413C2F200031033E047E1
:101BD00003E00998F9F7F4FC29E022E0FFE7FFE7CA
:101BE0009DF80B00C8B9FFE744F2D410C2F2000020
:101BF000406900F0F000E0280FD0FFE7099844F2B8
:101C0000D411C2F200018989083109B2F9F760FDE7
:101C100009980321F6F75EF9FFE70998F9F7D0FC78
:101C2000FFE703E00998F9F7CBFCFFE7FFE705E0E2
:101C3000FFE7FFE70998F9F7C3FCFFE70AB080BDAB
:101C400084B0029001918DF80320FFE7029808B953
:101C5000FFE7FFE7FFE7FFE7019808B9FFE7FFE7C6
:101C6000FFE70298007A90B1FFE70298007A44F209
:101C7000D411C2F20001496891F838100131C9B29B
:101C8000884204D0FFE700208DF80F003FE09DF868
:101C9000030010B3FFE70298D0B1FFE70298006895
:101CA000B0B1FFE744F2D410C2F200004069013045
:101CB00070B1FFE70298006801998A68104044F209
:101CC000D411C2F2000149691140884204D1FFE7F2
:101CD00001208DF80F001AE015E0029870B1FFE7BF
:101CE0000298006850B1FFE70298006844F2D411EE
:101CF000C2F200014969884204D1FFE701208DF852
:101D00000F0004E0FFE700208DF80F00FFE79DF8CB
:101D10000F0004B07047000083B002900191029858
:101D200038B3FFE70298006818B3FFE7019800B3E3
:101D3000FFE701980068E0B1FFE741F2C060C2F23E
:101D4000010000680090FFE7009888B1FFE7009865
:101D5000006802990968884205D1FFE70198006888
:101D600000990860FFE7FFE70098C0680090EBE784
:101D7000FFE703B07047000080B584B00020F8F79B
:101D800005FC0390039880B1FFE7039901910020BF
:101D90000290C861886148610861C86088604860D5
:101DA00008600399FF20C872FFE7039804B080BD64
:101DB00082B00020ADF80400FFE740F21802C2F242
:101DC00000021088411C11804FF6FF71884208D133
:101DD000FFE740F21801C2F200014FF440400880D2
:101DE000FFE741F2C060C2F2010000680090FFE727
:101DF0000098F0B1FFE70098408A40F21801C2F263
:101E00000001098888420FD1FFE7BDF804000130C6
:101E1000ADF8040080B2B0F5804F04DBFFE700208E
:101E2000ADF806000DE0C8E7FFE70098C068009035
:101E3000DEE740F21800C2F200000088ADF80600AC
:101E4000FFE7BDF8060002B07047000080B586B01D
:101E500084460898CDF814C0049103920293ADF81B
:101E6000060041F20000C4F202000421F5F792FFDF
:101E7000039808B9FFE744E003984089502808D147
:101E8000FFE7039840680299BDF80620EFF7E6FFE8
:101E90002CE0039840680088ADF80400039840687F
:101EA000008844F6413188420CD1FFE70399486825
:101EB000498944F2F012C2F2000243F6982300F07E
:101EC0003FF8FFE703984068008844F643318842B2
:101ED0000BD1FFE703994868498941F65802C2F2DD
:101EE0000102C82300F02CF8FFE7FFE70398F9F799
:101EF00067FB41F20000C4F202000421F5F742FF43
:101F0000FFE706B080BD000080B584B00390029169
:101F10000192FFE7039848B9FFE7FFE743F26D70CE
:101F2000C0F6010000F0CAFCFFE707E0FFE70298F7
:101F30000399886101980399C861FFE704B080BDE7
:101F400080B586B0059004910392ADF80A3041F255
:101F50000000C4F202001021F5F71CFF44F220003B
:101F6000C2F20000006808B9FFE72AE0BDF81010CF
:101F700036200122F8F720FF0190019808B9FFE709
:101F80001FE005980199486044F22000C2F2000069
:101F900000680199039ABDF80A3000F015F88DF831
:101FA00003000198F9F70CFB9DF9030008B1FFE766
:101FB000FFE741F20000C4F202001021F5F7E2FE53
:101FC000FFE706B080BD000080B588B0069005919F
:101FD0000492ADF80E30FFE7069860B9FFE7FFE71F
:101FE00043F25570C0F6010000F068FCFFE7F020F6
:101FF0008DF81F004FE0FFE7FFE7059860B9FFE7A6
:10200000FFE743F2FD70C0F6010000F057FCFFE768
:10201000F0208DF81F003EE0FFE7FFE7049860B96D
:10202000FFE7FFE743F67800C0F6010000F046FC4A
:10203000FFE7F0208DF81F002DE0FFE7FFE7FFE747
:102040000698007A30B1FFE70698007AF8F764FC4A
:10205000029004E00498F7F78DF80290FFE70298E9
:1020600050B9FFE7FFE7FFE7FFE7FFE7FFE7FFE71D
:10207000FC208DF81F000EE006980599049ABDF823
:102080000E30DDF808C0EE46CEF800C000F008F8CB
:102090008DF81F00FFE79DF91F0008B080BD00000C
:1020A00010B588B0DDF828C0069005910492ADF80F
:1020B0000E30FFE7069860B9FFE7FFE743F23A709A
:1020C000C0F6010000F0FAFBFFE7F0208DF81F00DA
:1020D00065E0FFE7FFE7059860B9FFE7FFE743F238
:1020E000E170C0F6010000F0E9FBFFE7F0208DF899
:1020F0001F0054E0FFE7FFE7049860B9FFE7FFE740
:1021000043F65A00C0F6010000F0D8FBFFE7F020CC
:102110008DF81F0043E0FFE7FFE70A9860B9FFE78B
:10212000FFE743F2A470C0F6010000F0C7FBFFE731
:10213000F0208DF81F0032E0FFE7069858B1FFE766
:102140000698006838B1FFE70698006800F0F000D4
:10215000E02804D1FFE70A98043002900DE00698C9
:1021600000680A994968884204D0FFE7FC208DF88E
:102170001F0014E006980290FFE706980599049A5C
:10218000BDF80E30DDF828C0029CEE46CEF80440C3
:10219000CEF800C000F008F88DF81F00FFE79DF9A9
:1021A0001F0008B010BD0000B0B58CB0DDF844C011
:1021B000DDF840C00A9009910892ADF81E30FFE7A3
:1021C0000A9860B9FFE7FFE743F20570C0F6010027
:1021D00000F074FBFFE7F0208DF82F0005E1FFE72A
:1021E000FFE7099860B9FFE7FFE743F2C170C0F667
:1021F000010000F063FBFFE7F0208DF82F00F4E012
:10220000FFE7FFE7089860B9FFE7FFE743F638000C
:10221000C0F6010000F052FBFFE7F0208DF82F0020
:10222000E3E0FFE7FFE7119860B9FFE7FFE743F658
:102230001600C0F6010000F041FBFFE7F0208DF82A
:102240002F00D2E0FFE7FFE7109860B9FFE7FFE754
:1022500043F28370C0F6010000F030FBFFE7F0208E
:102260008DF82F00C1E0FFE70A98408AA8B9FFE780
:10227000FFE7FFE70A994A8A0846FFF78FFA8DF8C9
:1022800017009DF9170038B1FFE7FFE7FFE79DF85A
:1022900017008DF82F00A8E0FFE70998018901F1E8
:1022A000080080B2884204DAFFE7FF208DF82F0093
:1022B0009BE009980821F8F701FDE0B1FFE7222033
:1022C00008214FF42072F8F777FD0490049830B994
:1022D000FFE7FFE7FFE7FF208DF82F0085E0099873
:1022E000008928B1FFE704980999F8F737FFFFE75D
:1022F000FFE7FFE704E009980490FFE7FFE7FFE747
:10230000FFE704984089072801D8FFE7FFE7FFE7C8
:102310000498406806900A98408AF7F7CDFB069922
:102320000880BDF81E00F7F7C7FB0699488006999C
:102330000020C880FFE7FFE7FFE7FFE70498008978
:10234000F7F7BAFB069988800A98007CC007D0B9D5
:10235000FFE704980289119B0899EC46CCF800101D
:102360001121F6F799FFADF80C00BDF80C0028B963
:10237000FFE74FF6FF70ADF80C00FFE7BDF80C006B
:102380000699C880FFE711208DF80F000A98C07ADF
:102390008DF80E00FFE7FFE7FFE7FFE704981199CC
:1023A000089A9DF80E30DDF828C09CF80AC09DF808
:1023B0000F40109DEE46CEF80850CEF80440CEF8FF
:1023C00000C0F6F739FC8DF8170004980999884287
:1023D00006D0FFE70498F9F7F3F800200490FFE730
:1023E0009DF817008DF82F00FFE79DF92F000CB026
:1023F000B0BD000080B588B0079006910020059020
:102400000490039002900798019044F20041C4F2B6
:102410000001884242D0FFE7019844F60001C4F26F
:10242000000188423FD0FFE7019844F60041C4F222
:10243000000188423CD0FFE7019845F20001C4F258
:102440000001884239D0FFE7019847F60001C4F245
:102450000001884236D0FFE7019847F60041C4F2F8
:102460000001884233D0FFE7019841F20001C4F235
:102470000101884208D0FFE7019841F20041C4F20F
:102480000101884205D027E00320F9F731FB0590D0
:1024900023E00320F9F72CFB05901EE00220F9F75A
:1024A00027FB059019E00220F9F722FB059014E0C4
:1024B0000220F9F71DFB05900FE00220F9F718FB49
:1024C00005900AE00220F9F713FB059005E00220D1
:1024D000F9F70EFB059000E0FFE70798C0680004DD
:1024E000002819D5FFE705984000069900EB510038
:1024F000B0FBF1F0029002984FF6F07108400490A2
:102500000298C0F342000390BDF81000BDF80C1013
:1025100008430799886017E00598069900EB510079
:10252000B0FBF1F0029002984FF6F0710840049071
:10253000029800F00F000390BDF81000BDF80C10D9
:10254000084307998860FFE708B080BD83B0029018
:102550000191002000900298D0F88000009000982F
:1025600020F40060009001990098084300900098C2
:102570000299C1F8800003B07047000081B000905C
:10258000009840686FF35F2001B0704780B58AB053
:1025900009900998089044F20041C4F20001884271
:1025A00041D0FFE7089844F60001C4F200018842D8
:1025B00042D0FFE7089844F60041C4F20001884287
:1025C0004CD0FFE7089845F20001C4F200018842B0
:1025D0004DD0FFE7089847F60001C4F20001884299
:1025E0004ED0FFE7089847F60041C4F20001884248
:1025F0004FD0FFE7089841F20001C4F20101884280
:1026000008D0FFE7089841F20041C4F20101884276
:102610001BD047E040F604100790F9F743FB0798FA
:10262000F9F72CFB3FE040F611000690F9F73AFB72
:102630000698F9F723FB36E040F612000590F9F70B
:1026400031FB0598F9F71AFB2DE040F605100490D0
:10265000F9F728FB0498F9F711FB24E040F6130082
:102660000390F9F71FFB0398F9F708FB1BE040F60E
:1026700014000290F9F716FB0298F9F7FFFA12E03E
:1026800040F61E000190F9F70DFB0198F9F7F6FAF4
:1026900009E040F61F000090F9F704FB0098F9F7F5
:1026A000EDFA00E0FFE70AB080BD000081B00090C5
:1026B0000099C86820F40050C86001B0704700005D
:1026C00082B0019000910199486920F08000486132
:1026D000009800F08002019948691043486102B0F7
:1026E0007047000081B000900099C86840F4005025
:1026F000C86001B07047000082B00190009101995C
:10270000486920F400704861009800F40072019953
:1027100048691043486102B07047000082B00190E0
:1027200000910199486920F480704861009800F494
:102730008072019948691043486102B070470000F7
:1027400082B00190ADF80210BDF8020000F01F0247
:10275000012101FA02F3019982098858184388502F
:1027600002B0704782B0019000910098C0F304421B
:10277000012101FA02F30199820D8858984388508B
:1027800002B0704785B00390029100200190009044
:102790000398BDF8081089094058029901F01F02FA
:1027A000012101FA02F2104001900398029A920D61
:1027B0008058029AC2F30442914008400090009869
:1027C00038B1FFE7019820B1FFE701208DF8130031
:1027D00003E000208DF81300FFE79DF8130005B01B
:1027E0007047000082B0019000910199C86820F400
:1027F0000040C860009A0199C8681043C86002B0E0
:102800007047000082B0019000910199C86820F4DF
:10281000C060C860009A0199C8681043C86002B0DF
:102820007047000083B00290019100200090029850
:10283000C0680090009820F0040000900199009872
:102840000843009000980299C86003B070470000E8
:1028500082B0019000910199086920F4405008610C
:10286000009A019908691043086102B0704700009E
:1028700083B002900191002000900298C0680090FF
:10288000009820F0080000900199009808430090FB
:1028900000980299C86003B07047000082B00190B0
:1028A00000910199C86820F48050C860009A01998D
:1028B000C8681043C86002B0704700000FB4054BF1
:1028C00010B503A9044A029800F0DAF810BC5DF8CC
:1028D00014FB0000AF3101080000002002E008C82E
:1028E000121F08C1002AFAD170477047002001E08A
:1028F00001C1121F002AFBD1704700002DE9FF5FC4
:1029000082B00021DDE90430020DDDF840B0034360
:1029100018D044F61050A2F2FF3242431514119819
:1029200001281FD0A5EB0B00401C5FEA000A4FF006
:1029300000064E4FDFF83891B046504615D5CAF123
:10294000000413E0119801244AA3012801D16FEA81
:102950000B010298119AC0E90031C0E9024206B0A9
:10296000BDE8F09FCBF10000DFE704460021404ABC
:10297000491842EB0450CDE9001012E0E00707D0FF
:1029800032463B4640464946EDF759FD804689466A
:1029900032463B4610461946EDF751FD06460F46B6
:1029A0006410002CEAD1DDE90401DDE90023BAF16D
:1029B000000F06DAEDF743FD42464B46EDF73FFDCB
:1029C00005E0EDF7AEFD42464B46EDF7AAFD0446A5
:1029D0000E460022284BEDF72BFE03D84FF0FF30B8
:1029E000014607E00022254B20463146EDF780FCEA
:1029F000EDF706FE102409E0002C0ADB0A22002372
:102A0000EDF745FC039B30321A55641E50EA010273
:102A1000F2D1641C039AC4F111031444119A012ADF
:102A200003D0012208430DD10AE0084304D000205E
:102A30004FF0110B119072E7A3EB0B056D1E0DE02B
:102A40005B4504DD4FF0000205F1010504E003DA07
:102A50004FF00002A5F10105002AECD0029811996F
:102A6000C0E90231C0E9004579E7000000001440E8
:102A70000000F03F300000000000F0430000E03FA5
:102A80002DE9FF4F95B09B468946064600250FE28B
:102A9000252877D100242746F84A0121059400E033
:102AA000044316F8013F203B01FA03F01042F7D12E
:102AB00030782A2811D06FF02F033078A0F130023F
:102AC000092A16D8059A44F0020402EB820203EBAD
:102AD00042021044761C0590EFE759F8042B05924A
:102AE000002A03DA504244F40054059044F00204F2
:102AF000761C30782E2816D116F8010F44F0040405
:102B00002A280DD06FF02F023078A0F13003092B66
:102B100009D807EB870302EB4303C718761CF3E7DA
:102B200059F8047B761C30786C280FD006DC4C28D2
:102B300017D068280DD06A2814D104E0742810D06A
:102B40007A280FD10DE044F400140AE044F4801414
:102B500001E044F440147278824202D104F58014FA
:102B6000761C761C307866280BD013DC582877D07A
:102B700009DC002875D04528F6D04628F4D047282F
:102B80001AD19DE118E0632835D0642879D06528F2
:102B900012D195E1702873D008DC6728F1D069283C
:102BA0006FD06E280DD06F2806D1B5E073282CD0D9
:102BB000752875D0782874D05A46179990476D1C9F
:102BC00075E1C4F30250022809D003280DD0D9F8CA
:102BD000001004280DD00D6009F1040967E1D9F84F
:102BE0000010EA17C1E90052F6E7D9F800100D808D
:102BF000F2E70D70F0E719F8041B8DF800100020C3
:102C00008DF80100EA46012003E059F804AB4FF0CB
:102C1000FF3061074FF0000102D40DE008F101011F
:102C20008846B9420FDA8045F8DB1AF80810002907
:102C3000F4D108E008F1010188468142FADB1AF874
:102C400008100029F6D105985B46A0EB080721463D
:102C50003846179A00F094FA284400EB080507E07C
:102C60004DE029E10DE01AF8010B5A4617999047FB
:102C7000B8F10108F7D25B4621463846179A13E1AE
:102C800042E00A220092C4F302524FF0000A022AE4
:102C900008D059F804CB032A4FEAEC710AD00DE0B2
:102CA00029E02AE009F1070121F00702F2E802C158
:102CB000914609E00FFA8CFC4FEAEC71042A03D12B
:102CC0004FFA8CFC4FEAEC71002907DA0A46002122
:102CD000DCF1000C61EB02012D2202E0220504D59B
:102CE0002B228DF80420012203E0E20701D02022EC
:102CF000F7E7904659E00A2102E010220DE010218A
:102D00004FF0000A00910BE010224FF0000A44F04F
:102D100004040827009203E008224FF0000A009202
:102D2000C4F30252022A05D059F804CB0021032A29
:102D300008D009E009F1070121F00702F2E802C119
:102D4000914605E01FFA8CFC042A01D10CF0FF0C1F
:102D50004FF00008220728D5702806D0009B83F08A
:102D6000100353EA0A0305D00EE040228DF8042038
:102D7000012208E05CEA010206D030228DF804202E
:102D80008DF8050002229046009B83F0080353EA69
:102D90000A030AD15CEA010201D1620705D530229B
:102DA0008DF804204FF001087F1E582804D034A06D
:102DB00003900EA802900DE036A0F9E75346604656
:102DC000009AEDF764FA84460398825C0298401EEC
:102DD000029002705CEA0100F0D1029806A9081A7C
:102DE00000F1200A600702D524F4803400E00127B6
:102DF000574502DDA7EB0A0000E0002000EB0A01C6
:102E0000009005984144401A0590E00306D45B46C3
:102E10002146179A059800F0B3F90544002706E00B
:102E200001A85A46C05D179990476D1C7F1C474505
:102E3000F6DBE0030CD55B462146179A059800F0B7
:102E40009FF9054404E030205A46179990476D1CBD
:102E50000099481E00900029F5DC08E002980299CC
:102E60005A460078491C0291179990476D1CBAF197
:102E70000001AAF1010AF1DC65E100000928010066
:102E800030313233343536373839616263646566E0
:102E900000000000303132333435363738394142A2
:102EA000434445460000000000F058F90544761CF4
:102EB000307800287FF4ECAD19B02846BDE8F08FDB
:102EC000620700D4062709F1070222F0070CFCE88C
:102ED0000223E14603F000485FEA080C02D00FF23B
:102EE000702C0DE05FEA045C02D50FF2682C07E05D
:102EF0005FEAC47C02D00FF2602C01E0AFF2700CEC
:102F00004FF0FF3823F00043CDF850C065280CD0B7
:102F100006DC452809D046281DD047283DD13DE094
:102F2000662818D067287ED138E00021112F01DBF8
:102F3000112000E0781CCDE9000106A90EA8FFF7DA
:102F4000DDFCDDE90F010E9A03910021009207F1EB
:102F5000010A04914DE04FF000400097CDE90110C7
:102F600006A90EA8FFF7CAFCDDE90F0203920E9B2B
:102F700011990022DDF80CA00093049211B9791C7C
:102F800000EB010AB7EB0A0004D4C0F1FF3007F1EF
:102F9000010A0490AAEB0700019044E0012F00DA37
:102FA00001270021112F01DD112000E03846CDE975
:102FB000000106A90EA8FFF7A1FCDDE90F010E9A9A
:102FC0000391002104910092BA4621070CD4039981
:102FD000514500DA8A46BAF1010F05DD009AAAF1DF
:102FE0000101515C302908D0B84202DA10F1040F17
:102FF00006DA0121CDE9011015E0AAF10101E9E7A6
:10300000002805DC049901440491AAEB000102E0C8
:10301000411C514500DD8A460499401A401C01902C
:103020004FF000400290200704D40198504501DB86
:10303000CDF8048000208DF84F0002980DF14F0765
:10304000B0F1004F25D02B200E9002984FF00208CF
:1030500000280CDA404202902D200E9007E00A2151
:103060000298EDF7FEF83031029007F8011DB8F133
:103070000001A8F10108F2DC02980028EFD1791EC6
:103080000E980870307800F0200040F0450007F8F6
:10309000020D12A8C01B00F107081498007800B1B7
:1030A000012000EB0A01019801EBE0710598414411
:1030B000401A401E0590E00306D45B462146179A4D
:1030C000059800F05DF805441498007818B15A4648
:1030D000179990476D1CE00324D55B462146179A4B
:1030E000059800F04DF805441CE00498002807DB23
:1030F000DDE90301884203DD0098405C179901E097
:10310000179930205A469047049805F10105401C54
:1031100004900198401E019004D12E205A46179920
:1031200090476D1CBAF10001AAF1010ADDDC05E04F
:1031300017F8010B5A46179990476D1CB8F100011A
:10314000A8F10108F4DC5B462146179A0598ABE626
:103150002D0000002B000000200000002DE9F041B0
:10316000044600251E461746880404D405E0394667
:103170002020B0476D1C641EF9D52846BDE8F081BB
:103180002DE9F041044600251E469046C80301D5AE
:10319000302700E02027880404D505E04146384662
:1031A000B0476D1C641EF9D52846BDE8F08138B5DE
:1031B00004468DF8000069460320ABBE204638BDAA
:1031C00000316253C4F5A697B988DBEA7D4C1F2E07
:1031D0004372211087B6E5D4FACB98A93E0F5C6DF7
:1031E00086B7E4D5427320113F0E5D6CFBCA99A8E7
:1031F000C5F4A796013063527C4D1E2FB889DAEBD7
:103200003D0C5F6EF9C89BAA84B5E6D740712213C6
:103210007E4F1C2DBA8BD8E9C7F6A59403326150B6
:10322000BB8AD9E87F4E1D2C02336051C6F7A495A6
:10323000F8C99AAB3C0D5E6F4170231285B4E7D696
:103240007A4B1829BE8FDCEDC3F2A1900736655486
:1032500039085B6AFDCC9FAE80B1E2D34475261776
:10326000FCCD9EAF38095A6B4574271681B0E3D266
:10327000BF8EDDEC7B4A192806376455C2F3A09156
:103280004776251483B2E1D0FECF9CAD3A0B586946
:1032900004356657C0F1A293BD8CDFEE79481B2A36
:1032A000C1F0A3920534675678491A2BBC8DDEEF26
:1032B00082B3E0D1467724153B0A5968FFCE9DAC16
:1032C000FFFFFFFFFFFF0000000000000000000004
:1032D000FFFFFFFFFA33010818000F00F84100203C
:1032E000DC8800201634010810000A009E7E0020B1
:1032F000E08800200C340108EC050A00634300203C
:10330000E4880020E033010820000500417F002010
:10331000E88800203234010810000A00E47F002011
:10332000EC880020EA33010898000A00328100206E
:10333000F0880020233401081C000600878000204C
:10334000F48800200434010814000C0025870020B4
:10335000F8880020F23301082000060018880020B9
:10336000FC88002054330108243301083433010859
:103370004433010804330108D4320108143301082E
:10338000E4320108F4320108646863705F637265B7
:103390006174655F6D73673A206E6574696620219C
:1033A0003D204E554C4C00646863705F63726561EC
:1033B00074655F6D73673A206468637020213D20F7
:1033C0004E554C4C006970345F6672616728293A2B
:1033D000207062756620746F6F2073686F7274005E
:1033E000524541535344415441005443505F50436C
:1033F00042005544505F50434200465241475F509F
:10340000425546005443505F53454700504255468D
:103410005F504F4F4C00504255465F5245462F5229
:103420004F4D005443505F5043425F4C4953544505
:103430004E005359535F54494D454F5554006D65E7
:103440006D705F6D616C6C6F633A2074797065208C
:103450003C204D454D505F4D4158006D656D705F8E
:10346000667265653A2074797065203C204D454D43
:10347000505F4D4158006E657469665F6164643ADF
:1034800020696E76616C6964206E65746966006E91
:10349000657469665F7365745F6C696E6B5F757088
:1034A0003A20696E76616C6964206E6574696600A5
:1034B0006E657469665F7365745F75703A20696ED6
:1034C00076616C6964206E65746966006E65746906
:1034D000665F6164643A204E6F20696E697420668D
:1034E000756E6374696F6E20676976656E007062D1
:1034F00075665F636F70795F7061727469616C5F2C
:1035000070627566282920646F6573206E6F742061
:10351000616C6C6F77207061636B65742071756589
:103520007565732100286820213D204E554C4C299B
:1035300020262620287420213D204E554C4C292041
:103540002870726F6772616D6D65722076696F6C3D
:1035500061746573204150492900705F66726F6D18
:1035600020213D204E554C4C00705F746F20213D52
:10357000204E554C4C00706275665F636F70793AEF
:1035800020696E76616C696420736F757263650083
:10359000706275665F636F70795F70617274696184
:1035A0006C5F706275663A20636F70795F6C656EF0
:1035B00020626967676572207468616E20736F7539
:1035C00072636500706275665F636F70795F7061CA
:1035D000727469616C3A20696E76616C696420620C
:1035E000756600706275665F636F70795F70617297
:1035F0007469616C5F706275663A207461726765A8
:1036000074206E6F742062696720656E6F756768DD
:1036100000696E6372656D656E745F6D61676E697A
:1036200074756465203C3D20702D3E6C656E0070A5
:103630006275665F636F70795F7061727469616CE7
:103640003A20696E76616C6964206461746170749B
:1036500072007463705F70726F636573735F72651D
:1036600066757365645F646174613A20696E766142
:103670006C696420706362007463705F7265637666
:1036800065643A20696E76616C69642070636200DB
:103690007463705F7063625F70757267653A20690A
:1036A0006E76616C696420706362007463705F633E
:1036B0006C6F73653A20696E76616C696420706323
:1036C00062007463705F726563765F6E756C6C3AEE
:1036D00020696E76616C6964207063620074637047
:1036E0005F6162616E646F6E3A20696E76616C69CB
:1036F000642070636200756E61636B656400756E53
:1037000073656E74007564705F73656E64746F5F6B
:1037100069665F7372633A20696E76616C696420D2
:10372000706362007564705F62696E643A20696EEE
:1037300076616C696420706362007564705F7365A4
:103740006E64746F5F69663A20696E76616C696455
:1037500020706362007564705F73656E64746F3AA5
:1037600020696E76616C69642070636200756470B4
:103770005F726563763A20696E76616C6964207069
:103780006362007564705F73656E64746F5F696611
:103790005F7372633A20696E76616C6964206E654E
:1037A000746966007564705F73656E64746F5F69D9
:1037B000663A20696E76616C6964206E657469662C
:1037C000007564705F73656E64746F5F69665F73C4
:1037D00072633A20696E76616C6964207062756606
:1037E000007564705F73656E64746F5F69663A201C
:1037F000696E76616C6964207062756600756470CC
:103800005F73656E64746F3A20696E76616C69648B
:103810002070627566007564705F73656E64746FA6
:103820005F69665F7372633A20696E76616C696482
:10383000207372635F6970007564705F73656E6496
:10384000746F5F69665F7372633A20696E76616C4C
:103850006964206473745F6970007564705F736578
:103860006E64746F5F69663A20696E76616C696434
:10387000206473745F6970007564705F73656E6453
:10388000746F3A20696E76616C6964206473745F4A
:103890006970000102030405060707070707070709
:1038A0007CF8002074F800206CF800208CF80020D0
:1038B00003060C1830607800D8380108000000209A
:1038C00020000000DC280108F83801082000002052
:1038D000401C0100EC2801080000000000C2EB0BB6
:1038E000010101000000CDAB01031C006E190000B6
:0838F00000C000000000000010
:04000005080001AD41
:00000001FF
